Num,Lat,Lon,Value
31,-6.25,-81.25,3
32,-5.75,-81.25,3
33,-5.25,-81.25,3
34,-4.75,-81.25,3
35,-4.25,-81.25,3
41,-1.25,-81.25,3
87,-6.25,-80.75,3
88,-5.75,-80.75,3
89,-5.25,-80.75,3
90,-4.75,-80.75,3
91,-4.25,-80.75,3
92,-3.75,-80.75,3
94,-2.75,-80.75,3
95,-2.25,-80.75,3
96,-1.75,-80.75,3
97,-1.25,-80.75,3
98,-0.75,-80.75,3
142,-6.75,-80.25,3
143,-6.25,-80.25,3
144,-5.75,-80.25,3
145,-5.25,-80.25,3
146,-4.75,-80.25,3
147,-4.25,-80.25,3
148,-3.75,-80.25,3
149,-3.25,-80.25,3
150,-2.75,-80.25,3
151,-2.25,-80.25,3
152,-1.75,-80.25,3
153,-1.25,-80.25,3
154,-0.75,-80.25,3
155,-0.25,-80.25,3
156,0.25,-80.25,3
157,0.75,-80.25,3
196,-7.75,-79.75,3
197,-7.25,-79.75,3
198,-6.75,-79.75,3
199,-6.25,-79.75,3
200,-5.75,-79.75,3
201,-5.25,-79.75,3
202,-4.75,-79.75,3
203,-4.25,-79.75,3
204,-3.75,-79.75,3
205,-3.25,-79.75,3
206,-2.75,-79.75,3
207,-2.25,-79.75,3
208,-1.75,-79.75,1
209,-1.25,-79.75,4
210,-0.75,-79.75,4
211,-0.25,-79.75,4
212,0.25,-79.75,4
213,0.75,-79.75,3
214,1.25,-79.75,3
251,-8.25,-79.25,3
252,-7.75,-79.25,3
253,-7.25,-79.25,3
254,-6.75,-79.25,3
255,-6.25,-79.25,3
256,-5.75,-79.25,3
257,-5.25,-79.25,3
258,-4.75,-79.25,3
259,-4.25,-79.25,3
260,-3.75,-79.25,3
261,-3.25,-79.25,3
262,-2.75,-79.25,3
263,-2.25,-79.25,1
264,-1.75,-79.25,4
265,-1.25,-79.25,4
266,-0.75,-79.25,4
267,-0.25,-79.25,4
268,0.25,-79.25,4
269,0.75,-79.25,4
270,1.25,-79.25,2
271,1.75,-79.25,2
305,-9.25,-78.75,3
306,-8.75,-78.75,3
307,-8.25,-78.75,3
308,-7.75,-78.75,3
309,-7.25,-78.75,3
310,-6.75,-78.75,3
311,-6.25,-78.75,3
312,-5.75,-78.75,3
313,-5.25,-78.75,2
314,-4.75,-78.75,2
315,-4.25,-78.75,3
316,-3.75,-78.75,2
317,-3.25,-78.75,3
318,-2.75,-78.75,3
319,-2.25,-78.75,3
320,-1.75,-78.75,3
321,-1.25,-78.75,3
322,-0.75,-78.75,3
323,-0.25,-78.75,4
324,0.25,-78.75,1
325,0.75,-78.75,4
326,1.25,-78.75,2
327,1.75,-78.75,2
328,2.25,-78.75,5
329,2.75,-78.75,5
359,-10.25,-78.25,3
360,-9.75,-78.25,3
361,-9.25,-78.25,3
362,-8.75,-78.25,3
363,-8.25,-78.25,3
364,-7.75,-78.25,3
365,-7.25,-78.25,3
366,-6.75,-78.25,3
367,-6.25,-78.25,3
368,-5.75,-78.25,3
369,-5.25,-78.25,2
370,-4.75,-78.25,2
371,-4.25,-78.25,2
372,-3.75,-78.25,2
373,-3.25,-78.25,2
374,-2.75,-78.25,2
375,-2.25,-78.25,2
376,-1.75,-78.25,2
377,-1.25,-78.25,2
378,-0.75,-78.25,3
379,-0.25,-78.25,3
380,0.25,-78.25,3
381,0.75,-78.25,1
382,1.25,-78.25,5
383,1.75,-78.25,5
384,2.25,-78.25,5
385,2.75,-78.25,5
386,3.25,-78.25,5
413,-11.25,-77.75,3
414,-10.75,-77.75,3
415,-10.25,-77.75,3
416,-9.75,-77.75,3
417,-9.25,-77.75,3
418,-8.75,-77.75,3
419,-8.25,-77.75,3
420,-7.75,-77.75,3
421,-7.25,-77.75,3
422,-6.75,-77.75,3
423,-6.25,-77.75,3
424,-5.75,-77.75,3
425,-5.25,-77.75,2
426,-4.75,-77.75,2
427,-4.25,-77.75,2
428,-3.75,-77.75,2
429,-3.25,-77.75,2
430,-2.75,-77.75,2
431,-2.25,-77.75,5
432,-1.75,-77.75,5
433,-1.25,-77.75,5
434,-0.75,-77.75,5
435,-0.25,-77.75,3
436,0.25,-77.75,3
437,0.75,-77.75,3
438,1.25,-77.75,4
439,1.75,-77.75,5
440,2.25,-77.75,5
441,2.75,-77.75,5
442,3.25,-77.75,5
444,4.25,-77.75,5
446,5.25,-77.75,5
447,5.75,-77.75,5
467,-12.25,-77.25,3
468,-11.75,-77.25,3
469,-11.25,-77.25,3
470,-10.75,-77.25,3
471,-10.25,-77.25,3
472,-9.75,-77.25,3
473,-9.25,-77.25,3
474,-8.75,-77.25,3
475,-8.25,-77.25,3
476,-7.75,-77.25,3
477,-7.25,-77.25,3
478,-6.75,-77.25,3
479,-6.25,-77.25,3
480,-5.75,-77.25,3
481,-5.25,-77.25,1
482,-4.75,-77.25,4
483,-4.25,-77.25,2
484,-3.75,-77.25,2
485,-3.25,-77.25,2
486,-2.75,-77.25,2
487,-2.25,-77.25,5
488,-1.75,-77.25,5
489,-1.25,-77.25,5
490,-0.75,-77.25,5
491,-0.25,-77.25,5
492,0.25,-77.25,2
493,0.75,-77.25,3
494,1.25,-77.25,3
495,1.75,-77.25,3
496,2.25,-77.25,4
497,2.75,-77.25,5
498,3.25,-77.25,5
499,3.75,-77.25,5
500,4.25,-77.25,5
501,4.75,-77.25,5
502,5.25,-77.25,5
503,5.75,-77.25,5
504,6.25,-77.25,5
521,-13.25,-76.75,3
522,-12.75,-76.75,3
523,-12.25,-76.75,3
524,-11.75,-76.75,3
525,-11.25,-76.75,3
526,-10.75,-76.75,3
527,-10.25,-76.75,3
528,-9.75,-76.75,3
529,-9.25,-76.75,3
530,-8.75,-76.75,1
531,-8.25,-76.75,1
532,-7.75,-76.75,1
533,-7.25,-76.75,3
534,-6.75,-76.75,3
535,-6.25,-76.75,3
536,-5.75,-76.75,3
537,-5.25,-76.75,4
538,-4.75,-76.75,4
539,-4.25,-76.75,2
540,-3.75,-76.75,2
541,-3.25,-76.75,2
542,-2.75,-76.75,2
543,-2.25,-76.75,5
544,-1.75,-76.75,5
545,-1.25,-76.75,5
546,-0.75,-76.75,5
547,-0.25,-76.75,5
548,0.25,-76.75,5
549,0.75,-76.75,5
550,1.25,-76.75,5
551,1.75,-76.75,3
552,2.25,-76.75,1
553,2.75,-76.75,4
554,3.25,-76.75,4
555,3.75,-76.75,5
556,4.25,-76.75,5
557,4.75,-76.75,5
558,5.25,-76.75,5
559,5.75,-76.75,5
560,6.25,-76.75,5
575,-14.25,-76.25,3
576,-13.75,-76.25,3
577,-13.25,-76.25,3
578,-12.75,-76.25,3
579,-12.25,-76.25,3
580,-11.75,-76.25,3
581,-11.25,-76.25,3
582,-10.75,-76.25,3
583,-10.25,-76.25,3
584,-9.75,-76.25,3
585,-9.25,-76.25,4
586,-8.75,-76.25,4
587,-8.25,-76.25,4
588,-7.75,-76.25,4
589,-7.25,-76.25,3
590,-6.75,-76.25,3
591,-6.25,-76.25,4
592,-5.75,-76.25,4
593,-5.25,-76.25,4
594,-4.75,-76.25,2
595,-4.25,-76.25,2
596,-3.75,-76.25,2
597,-3.25,-76.25,2
598,-2.75,-76.25,2
599,-2.25,-76.25,5
600,-1.75,-76.25,5
601,-1.25,-76.25,5
602,-0.75,-76.25,5
603,-0.25,-76.25,5
604,0.25,-76.25,5
605,0.75,-76.25,5
606,1.25,-76.25,5
607,1.75,-76.25,2
608,2.25,-76.25,3
609,2.75,-76.25,1
610,3.25,-76.25,1
611,3.75,-76.25,3
612,4.25,-76.25,3
613,4.75,-76.25,5
614,5.25,-76.25,5
615,5.75,-76.25,5
616,6.25,-76.25,5
630,-14.75,-75.75,3
631,-14.25,-75.75,3
632,-13.75,-75.75,3
633,-13.25,-75.75,3
634,-12.75,-75.75,3
635,-12.25,-75.75,3
636,-11.75,-75.75,3
637,-11.25,-75.75,3
638,-10.75,-75.75,1
639,-10.25,-75.75,1
640,-9.75,-75.75,1
641,-9.25,-75.75,4
642,-8.75,-75.75,4
643,-8.25,-75.75,4
644,-7.75,-75.75,1
645,-7.25,-75.75,3
646,-6.75,-75.75,1
647,-6.25,-75.75,4
648,-5.75,-75.75,4
649,-5.25,-75.75,2
650,-4.75,-75.75,2
651,-4.25,-75.75,2
652,-3.75,-75.75,2
653,-3.25,-75.75,2
654,-2.75,-75.75,2
655,-2.25,-75.75,2
656,-1.75,-75.75,5
657,-1.25,-75.75,5
658,-0.75,-75.75,5
659,-0.25,-75.75,5
660,0.25,-75.75,5
661,0.75,-75.75,5
662,1.25,-75.75,5
663,1.75,-75.75,5
664,2.25,-75.75,3
665,2.75,-75.75,1
666,3.25,-75.75,4
667,3.75,-75.75,4
668,4.25,-75.75,2
669,4.75,-75.75,2
670,5.25,-75.75,2
671,5.75,-75.75,2
672,6.25,-75.75,2
685,-15.25,-75.25,3
686,-14.75,-75.25,3
687,-14.25,-75.25,3
688,-13.75,-75.25,3
689,-13.25,-75.25,3
690,-12.75,-75.25,3
691,-12.25,-75.25,3
692,-11.75,-75.25,3
693,-11.25,-75.25,1
694,-10.75,-75.25,1
695,-10.25,-75.25,1
696,-9.75,-75.25,1
697,-9.25,-75.25,4
698,-8.75,-75.25,4
699,-8.25,-75.25,4
700,-7.75,-75.25,1
701,-7.25,-75.25,1
702,-6.75,-75.25,1
703,-6.25,-75.25,4
704,-5.75,-75.25,4
705,-5.25,-75.25,2
706,-4.75,-75.25,4
707,-4.25,-75.25,4
708,-3.75,-75.25,4
709,-3.25,-75.25,2
710,-2.75,-75.25,2
711,-2.25,-75.25,2
712,-1.75,-75.25,5
713,-1.25,-75.25,5
714,-0.75,-75.25,5
715,-0.25,-75.25,5
716,0.25,-75.25,5
717,0.75,-75.25,5
718,1.25,-75.25,5
719,1.75,-75.25,5
720,2.25,-75.25,2
721,2.75,-75.25,1
722,3.25,-75.25,1
723,3.75,-75.25,1
724,4.25,-75.25,2
725,4.75,-75.25,2
726,5.25,-75.25,4
727,5.75,-75.25,2
728,6.25,-75.25,5
740,-15.75,-74.75,3
741,-15.25,-74.75,3
742,-14.75,-74.75,3
743,-14.25,-74.75,3
744,-13.75,-74.75,3
745,-13.25,-74.75,3
746,-12.75,-74.75,3
747,-12.25,-74.75,3
748,-11.75,-74.75,3
749,-11.25,-74.75,1
750,-10.75,-74.75,1
751,-10.25,-74.75,4
752,-9.75,-74.75,1
753,-9.25,-74.75,1
754,-8.75,-74.75,1
755,-8.25,-74.75,1
756,-7.75,-74.75,1
757,-7.25,-74.75,1
758,-6.75,-74.75,1
759,-6.25,-74.75,4
760,-5.75,-74.75,4
761,-5.25,-74.75,4
762,-4.75,-74.75,4
763,-4.25,-74.75,4
764,-3.75,-74.75,4
765,-3.25,-74.75,4
766,-2.75,-74.75,5
767,-2.25,-74.75,5
768,-1.75,-74.75,5
769,-1.25,-74.75,5
770,-0.75,-74.75,5
771,-0.25,-74.75,5
772,0.25,-74.75,5
773,0.75,-74.75,5
774,1.25,-74.75,5
775,1.75,-74.75,5
776,2.25,-74.75,5
777,2.75,-74.75,3
778,3.25,-74.75,3
779,3.75,-74.75,1
780,4.25,-74.75,3
781,4.75,-74.75,3
782,5.25,-74.75,2
783,5.75,-74.75,5
784,6.25,-74.75,5
795,-16.25,-74.25,3
796,-15.75,-74.25,3
797,-15.25,-74.25,3
798,-14.75,-74.25,3
799,-14.25,-74.25,3
800,-13.75,-74.25,3
801,-13.25,-74.25,3
802,-12.75,-74.25,3
803,-12.25,-74.25,3
804,-11.75,-74.25,1
805,-11.25,-74.25,1
806,-10.75,-74.25,1
807,-10.25,-74.25,4
808,-9.75,-74.25,1
809,-9.25,-74.25,1
810,-8.75,-74.25,1
811,-8.25,-74.25,1
812,-7.75,-74.25,1
813,-7.25,-74.25,4
814,-6.75,-74.25,4
815,-6.25,-74.25,4
816,-5.75,-74.25,4
817,-5.25,-74.25,4
818,-4.75,-74.25,4
819,-4.25,-74.25,4
820,-3.75,-74.25,4
821,-3.25,-74.25,4
822,-2.75,-74.25,5
823,-2.25,-74.25,5
824,-1.75,-74.25,5
825,-1.25,-74.25,5
826,-0.75,-74.25,5
827,-0.25,-74.25,5
828,0.25,-74.25,5
829,0.75,-74.25,5
830,1.25,-74.25,5
831,1.75,-74.25,5
832,2.25,-74.25,5
833,2.75,-74.25,2
834,3.25,-74.25,2
835,3.75,-74.25,2
836,4.25,-74.25,3
837,4.75,-74.25,3
838,5.25,-74.25,2
839,5.75,-74.25,2
840,6.25,-74.25,5
851,-16.25,-73.75,3
852,-15.75,-73.75,3
853,-15.25,-73.75,3
854,-14.75,-73.75,3
855,-14.25,-73.75,3
856,-13.75,-73.75,3
857,-13.25,-73.75,3
858,-12.75,-73.75,1
859,-12.25,-73.75,1
860,-11.75,-73.75,1
861,-11.25,-73.75,1
862,-10.75,-73.75,1
863,-10.25,-73.75,1
864,-9.75,-73.75,1
865,-9.25,-73.75,1
866,-8.75,-73.75,1
867,-8.25,-73.75,1
868,-7.75,-73.75,4
869,-7.25,-73.75,4
870,-6.75,-73.75,4
871,-6.25,-73.75,4
872,-5.75,-73.75,4
873,-5.25,-73.75,4
874,-4.75,-73.75,4
875,-4.25,-73.75,4
876,-3.75,-73.75,4
877,-3.25,-73.75,4
878,-2.75,-73.75,4
879,-2.25,-73.75,2
880,-1.75,-73.75,2
881,-1.25,-73.75,5
882,-0.75,-73.75,5
883,-0.25,-73.75,5
884,0.25,-73.75,5
885,0.75,-73.75,5
886,1.25,-73.75,5
887,1.75,-73.75,5
888,2.25,-73.75,5
889,2.75,-73.75,5
890,3.25,-73.75,5
891,3.75,-73.75,5
892,4.25,-73.75,5
893,4.75,-73.75,2
894,5.25,-73.75,3
895,5.75,-73.75,2
896,6.25,-73.75,5
906,-16.75,-73.25,3
907,-16.25,-73.25,3
908,-15.75,-73.25,3
909,-15.25,-73.25,3
910,-14.75,-73.25,3
911,-14.25,-73.25,3
912,-13.75,-73.25,3
913,-13.25,-73.25,3
914,-12.75,-73.25,1
915,-12.25,-73.25,1
916,-11.75,-73.25,1
917,-11.25,-73.25,1
918,-10.75,-73.25,1
919,-10.25,-73.25,1
920,-9.75,-73.25,1
921,-9.25,-73.25,1
922,-8.75,-73.25,1
923,-8.25,-73.25,4
924,-7.75,-73.25,4
925,-7.25,-73.25,4
926,-6.75,-73.25,4
927,-6.25,-73.25,4
928,-5.75,-73.25,4
929,-5.25,-73.25,4
930,-4.75,-73.25,4
931,-4.25,-73.25,4
932,-3.75,-73.25,4
933,-3.25,-73.25,4
934,-2.75,-73.25,4
935,-2.25,-73.25,2
936,-1.75,-73.25,2
937,-1.25,-73.25,5
938,-0.75,-73.25,5
939,-0.25,-73.25,5
940,0.25,-73.25,5
941,0.75,-73.25,5
942,1.25,-73.25,5
943,1.75,-73.25,5
944,2.25,-73.25,5
945,2.75,-73.25,5
946,3.25,-73.25,5
947,3.75,-73.25,5
948,4.25,-73.25,5
949,4.75,-73.25,5
950,5.25,-73.25,2
951,5.75,-73.25,3
952,6.25,-73.25,2
962,-16.75,-72.75,3
963,-16.25,-72.75,3
964,-15.75,-72.75,3
965,-15.25,-72.75,3
966,-14.75,-72.75,3
967,-14.25,-72.75,3
968,-13.75,-72.75,3
969,-13.25,-72.75,3
970,-12.75,-72.75,1
971,-12.25,-72.75,1
972,-11.75,-72.75,1
973,-11.25,-72.75,1
974,-10.75,-72.75,1
975,-10.25,-72.75,1
976,-9.75,-72.75,1
977,-9.25,-72.75,1
978,-8.75,-72.75,1
979,-8.25,-72.75,4
980,-7.75,-72.75,4
981,-7.25,-72.75,4
982,-6.75,-72.75,4
983,-6.25,-72.75,4
984,-5.75,-72.75,4
985,-5.25,-72.75,4
986,-4.75,-72.75,4
987,-4.25,-72.75,4
988,-3.75,-72.75,4
989,-3.25,-72.75,4
990,-2.75,-72.75,4
991,-2.25,-72.75,2
992,-1.75,-72.75,2
993,-1.25,-72.75,2
994,-0.75,-72.75,5
995,-0.25,-72.75,5
996,0.25,-72.75,5
997,0.75,-72.75,5
998,1.25,-72.75,5
999,1.75,-72.75,5
1000,2.25,-72.75,5
1001,2.75,-72.75,5
1002,3.25,-72.75,5
1003,3.75,-72.75,5
1004,4.25,-72.75,5
1005,4.75,-72.75,5
1006,5.25,-72.75,5
1007,5.75,-72.75,3
1008,6.25,-72.75,3
1017,-17.25,-72.25,3
1018,-16.75,-72.25,3
1019,-16.25,-72.25,3
1020,-15.75,-72.25,3
1021,-15.25,-72.25,3
1022,-14.75,-72.25,3
1023,-14.25,-72.25,3
1024,-13.75,-72.25,3
1025,-13.25,-72.25,3
1026,-12.75,-72.25,1
1027,-12.25,-72.25,1
1028,-11.75,-72.25,1
1029,-11.25,-72.25,1
1030,-10.75,-72.25,1
1031,-10.25,-72.25,1
1032,-9.75,-72.25,1
1033,-9.25,-72.25,1
1034,-8.75,-72.25,1
1035,-8.25,-72.25,4
1036,-7.75,-72.25,4
1037,-7.25,-72.25,4
1038,-6.75,-72.25,4
1039,-6.25,-72.25,4
1040,-5.75,-72.25,4
1041,-5.25,-72.25,4
1042,-4.75,-72.25,4
1043,-4.25,-72.25,4
1044,-3.75,-72.25,4
1045,-3.25,-72.25,4
1046,-2.75,-72.25,4
1047,-2.25,-72.25,2
1048,-1.75,-72.25,2
1049,-1.25,-72.25,2
1050,-0.75,-72.25,5
1051,-0.25,-72.25,5
1052,0.25,-72.25,5
1053,0.75,-72.25,5
1054,1.25,-72.25,5
1055,1.75,-72.25,5
1056,2.25,-72.25,5
1057,2.75,-72.25,5
1058,3.25,-72.25,5
1059,3.75,-72.25,5
1060,4.25,-72.25,5
1061,4.75,-72.25,5
1062,5.25,-72.25,5
1063,5.75,-72.25,5
1064,6.25,-72.25,2
1072,-17.75,-71.75,3
1073,-17.25,-71.75,3
1074,-16.75,-71.75,3
1075,-16.25,-71.75,3
1076,-15.75,-71.75,3
1077,-15.25,-71.75,3
1078,-14.75,-71.75,3
1079,-14.25,-71.75,3
1080,-13.75,-71.75,3
1081,-13.25,-71.75,3
1082,-12.75,-71.75,1
1083,-12.25,-71.75,1
1084,-11.75,-71.75,4
1085,-11.25,-71.75,1
1086,-10.75,-71.75,1
1087,-10.25,-71.75,1
1088,-9.75,-71.75,1
1089,-9.25,-71.75,1
1090,-8.75,-71.75,1
1091,-8.25,-71.75,1
1092,-7.75,-71.75,4
1093,-7.25,-71.75,4
1094,-6.75,-71.75,4
1095,-6.25,-71.75,4
1096,-5.75,-71.75,4
1097,-5.25,-71.75,4
1098,-4.75,-71.75,4
1099,-4.25,-71.75,4
1100,-3.75,-71.75,4
1101,-3.25,-71.75,4
1102,-2.75,-71.75,4
1103,-2.25,-71.75,5
1104,-1.75,-71.75,5
1105,-1.25,-71.75,5
1106,-0.75,-71.75,5
1107,-0.25,-71.75,5
1108,0.25,-71.75,5
1109,0.75,-71.75,5
1110,1.25,-71.75,5
1111,1.75,-71.75,5
1112,2.25,-71.75,5
1113,2.75,-71.75,5
1114,3.25,-71.75,5
1115,3.75,-71.75,5
1116,4.25,-71.75,5
1117,4.75,-71.75,5
1118,5.25,-71.75,5
1119,5.75,-71.75,5
1120,6.25,-71.75,5
1128,-17.75,-71.25,3
1129,-17.25,-71.25,3
1130,-16.75,-71.25,3
1131,-16.25,-71.25,3
1132,-15.75,-71.25,3
1133,-15.25,-71.25,3
1134,-14.75,-71.25,3
1135,-14.25,-71.25,3
1136,-13.75,-71.25,3
1137,-13.25,-71.25,4
1138,-12.75,-71.25,4
1139,-12.25,-71.25,4
1140,-11.75,-71.25,4
1141,-11.25,-71.25,4
1142,-10.75,-71.25,1
1143,-10.25,-71.25,1
1144,-9.75,-71.25,1
1145,-9.25,-71.25,1
1146,-8.75,-71.25,1
1147,-8.25,-71.25,1
1148,-7.75,-71.25,4
1149,-7.25,-71.25,4
1150,-6.75,-71.25,4
1151,-6.25,-71.25,4
1152,-5.75,-71.25,4
1153,-5.25,-71.25,4
1154,-4.75,-71.25,4
1155,-4.25,-71.25,4
1156,-3.75,-71.25,4
1157,-3.25,-71.25,4
1158,-2.75,-71.25,4
1159,-2.25,-71.25,4
1160,-1.75,-71.25,5
1161,-1.25,-71.25,5
1162,-0.75,-71.25,5
1163,-0.25,-71.25,5
1164,0.25,-71.25,5
1165,0.75,-71.25,5
1166,1.25,-71.25,5
1167,1.75,-71.25,5
1168,2.25,-71.25,5
1169,2.75,-71.25,5
1170,3.25,-71.25,5
1171,3.75,-71.25,5
1172,4.25,-71.25,5
1173,4.75,-71.25,5
1174,5.25,-71.25,5
1175,5.75,-71.25,5
1176,6.25,-71.25,5
1183,-18.25,-70.75,3
1184,-17.75,-70.75,3
1185,-17.25,-70.75,3
1186,-16.75,-70.75,3
1187,-16.25,-70.75,3
1188,-15.75,-70.75,3
1189,-15.25,-70.75,3
1190,-14.75,-70.75,3
1191,-14.25,-70.75,3
1192,-13.75,-70.75,4
1193,-13.25,-70.75,4
1194,-12.75,-70.75,4
1195,-12.25,-70.75,4
1196,-11.75,-70.75,4
1197,-11.25,-70.75,1
1198,-10.75,-70.75,1
1199,-10.25,-70.75,1
1200,-9.75,-70.75,1
1201,-9.25,-70.75,1
1202,-8.75,-70.75,1
1203,-8.25,-70.75,1
1204,-7.75,-70.75,4
1205,-7.25,-70.75,4
1206,-6.75,-70.75,4
1207,-6.25,-70.75,4
1208,-5.75,-70.75,4
1209,-5.25,-70.75,4
1210,-4.75,-70.75,4
1211,-4.25,-70.75,4
1212,-3.75,-70.75,4
1213,-3.25,-70.75,4
1214,-2.75,-70.75,4
1215,-2.25,-70.75,4
1216,-1.75,-70.75,5
1217,-1.25,-70.75,5
1218,-0.75,-70.75,5
1219,-0.25,-70.75,5
1220,0.25,-70.75,5
1221,0.75,-70.75,5
1222,1.25,-70.75,5
1223,1.75,-70.75,5
1224,2.25,-70.75,5
1225,2.75,-70.75,5
1226,3.25,-70.75,5
1227,3.75,-70.75,5
1228,4.25,-70.75,5
1229,4.75,-70.75,5
1230,5.25,-70.75,5
1231,5.75,-70.75,5
1232,6.25,-70.75,2
1233,-21.25,-70.25,3
1234,-20.75,-70.25,3
1235,-20.25,-70.25,3
1236,-19.75,-70.25,3
1237,-19.25,-70.25,3
1238,-18.75,-70.25,3
1239,-18.25,-70.25,3
1240,-17.75,-70.25,3
1241,-17.25,-70.25,3
1242,-16.75,-70.25,3
1243,-16.25,-70.25,3
1244,-15.75,-70.25,3
1245,-15.25,-70.25,3
1246,-14.75,-70.25,3
1247,-14.25,-70.25,3
1248,-13.75,-70.25,4
1249,-13.25,-70.25,4
1250,-12.75,-70.25,4
1251,-12.25,-70.25,4
1252,-11.75,-70.25,1
1253,-11.25,-70.25,1
1254,-10.75,-70.25,1
1255,-10.25,-70.25,1
1256,-9.75,-70.25,1
1257,-9.25,-70.25,1
1258,-8.75,-70.25,1
1259,-8.25,-70.25,4
1260,-7.75,-70.25,4
1261,-7.25,-70.25,4
1262,-6.75,-70.25,4
1263,-6.25,-70.25,4
1264,-5.75,-70.25,4
1265,-5.25,-70.25,4
1266,-4.75,-70.25,4
1267,-4.25,-70.25,4
1268,-3.75,-70.25,4
1269,-3.25,-70.25,4
1270,-2.75,-70.25,4
1271,-2.25,-70.25,5
1272,-1.75,-70.25,5
1273,-1.25,-70.25,5
1274,-0.75,-70.25,5
1275,-0.25,-70.25,5
1276,0.25,-70.25,5
1277,0.75,-70.25,5
1278,1.25,-70.25,5
1279,1.75,-70.25,5
1280,2.25,-70.25,5
1281,2.75,-70.25,5
1282,3.25,-70.25,5
1283,3.75,-70.25,5
1284,4.25,-70.25,5
1285,4.75,-70.25,5
1286,5.25,-70.25,5
1287,5.75,-70.25,5
1288,6.25,-70.25,2
1289,-21.25,-69.75,3
1290,-20.75,-69.75,3
1291,-20.25,-69.75,3
1292,-19.75,-69.75,3
1293,-19.25,-69.75,3
1294,-18.75,-69.75,3
1295,-18.25,-69.75,3
1296,-17.75,-69.75,3
1297,-17.25,-69.75,3
1298,-16.75,-69.75,3
1299,-16.25,-69.75,3
1300,-15.75,-69.75,3
1301,-15.25,-69.75,3
1302,-14.75,-69.75,3
1303,-14.25,-69.75,3
1304,-13.75,-69.75,1
1305,-13.25,-69.75,4
1306,-12.75,-69.75,4
1307,-12.25,-69.75,1
1308,-11.75,-69.75,1
1309,-11.25,-69.75,1
1310,-10.75,-69.75,1
1311,-10.25,-69.75,1
1312,-9.75,-69.75,1
1313,-9.25,-69.75,1
1314,-8.75,-69.75,1
1315,-8.25,-69.75,4
1316,-7.75,-69.75,4
1317,-7.25,-69.75,4
1318,-6.75,-69.75,4
1319,-6.25,-69.75,4
1320,-5.75,-69.75,4
1321,-5.25,-69.75,4
1322,-4.75,-69.75,4
1323,-4.25,-69.75,4
1324,-3.75,-69.75,4
1325,-3.25,-69.75,4
1326,-2.75,-69.75,4
1327,-2.25,-69.75,5
1328,-1.75,-69.75,5
1329,-1.25,-69.75,5
1330,-0.75,-69.75,5
1331,-0.25,-69.75,5
1332,0.25,-69.75,5
1333,0.75,-69.75,5
1334,1.25,-69.75,5
1335,1.75,-69.75,5
1336,2.25,-69.75,5
1337,2.75,-69.75,5
1338,3.25,-69.75,5
1339,3.75,-69.75,5
1340,4.25,-69.75,5
1341,4.75,-69.75,5
1342,5.25,-69.75,5
1343,5.75,-69.75,5
1344,6.25,-69.75,5
1345,-21.25,-69.25,3
1346,-20.75,-69.25,3
1347,-20.25,-69.25,3
1348,-19.75,-69.25,3
1349,-19.25,-69.25,3
1350,-18.75,-69.25,3
1351,-18.25,-69.25,3
1352,-17.75,-69.25,3
1353,-17.25,-69.25,3
1354,-16.75,-69.25,3
1355,-16.25,-69.25,3
1356,-15.75,-69.25,3
1357,-15.25,-69.25,3
1358,-14.75,-69.25,3
1359,-14.25,-69.25,1
1360,-13.75,-69.25,1
1361,-13.25,-69.25,1
1362,-12.75,-69.25,1
1363,-12.25,-69.25,1
1364,-11.75,-69.25,1
1365,-11.25,-69.25,1
1366,-10.75,-69.25,1
1367,-10.25,-69.25,1
1368,-9.75,-69.25,1
1369,-9.25,-69.25,1
1370,-8.75,-69.25,1
1371,-8.25,-69.25,1
1372,-7.75,-69.25,4
1373,-7.25,-69.25,4
1374,-6.75,-69.25,4
1375,-6.25,-69.25,4
1376,-5.75,-69.25,4
1377,-5.25,-69.25,4
1378,-4.75,-69.25,4
1379,-4.25,-69.25,4
1380,-3.75,-69.25,4
1381,-3.25,-69.25,4
1382,-2.75,-69.25,4
1383,-2.25,-69.25,5
1384,-1.75,-69.25,5
1385,-1.25,-69.25,5
1386,-0.75,-69.25,5
1387,-0.25,-69.25,5
1388,0.25,-69.25,5
1389,0.75,-69.25,5
1390,1.25,-69.25,5
1391,1.75,-69.25,5
1392,2.25,-69.25,5
1393,2.75,-69.25,5
1394,3.25,-69.25,5
1395,3.75,-69.25,5
1396,4.25,-69.25,5
1397,4.75,-69.25,5
1398,5.25,-69.25,5
1399,5.75,-69.25,5
1400,6.25,-69.25,5
1401,-21.25,-68.75,3
1402,-20.75,-68.75,3
1403,-20.25,-68.75,3
1404,-19.75,-68.75,3
1405,-19.25,-68.75,3
1406,-18.75,-68.75,3
1407,-18.25,-68.75,3
1408,-17.75,-68.75,3
1409,-17.25,-68.75,3
1410,-16.75,-68.75,3
1411,-16.25,-68.75,3
1412,-15.75,-68.75,3
1413,-15.25,-68.75,3
1414,-14.75,-68.75,3
1415,-14.25,-68.75,1
1416,-13.75,-68.75,1
1417,-13.25,-68.75,1
1418,-12.75,-68.75,1
1419,-12.25,-68.75,1
1420,-11.75,-68.75,1
1421,-11.25,-68.75,1
1422,-10.75,-68.75,1
1423,-10.25,-68.75,1
1424,-9.75,-68.75,1
1425,-9.25,-68.75,1
1426,-8.75,-68.75,1
1427,-8.25,-68.75,1
1428,-7.75,-68.75,1
1429,-7.25,-68.75,4
1430,-6.75,-68.75,4
1431,-6.25,-68.75,4
1432,-5.75,-68.75,4
1433,-5.25,-68.75,4
1434,-4.75,-68.75,4
1435,-4.25,-68.75,4
1436,-3.75,-68.75,4
1437,-3.25,-68.75,4
1438,-2.75,-68.75,5
1439,-2.25,-68.75,5
1440,-1.75,-68.75,5
1441,-1.25,-68.75,5
1442,-0.75,-68.75,5
1443,-0.25,-68.75,5
1444,0.25,-68.75,5
1445,0.75,-68.75,5
1446,1.25,-68.75,5
1447,1.75,-68.75,5
1448,2.25,-68.75,5
1449,2.75,-68.75,5
1450,3.25,-68.75,5
1451,3.75,-68.75,5
1452,4.25,-68.75,5
1453,4.75,-68.75,5
1454,5.25,-68.75,5
1455,5.75,-68.75,5
1456,6.25,-68.75,5
1457,-21.25,-68.25,3
1458,-20.75,-68.25,3
1459,-20.25,-68.25,3
1460,-19.75,-68.25,3
1461,-19.25,-68.25,3
1462,-18.75,-68.25,3
1463,-18.25,-68.25,3
1464,-17.75,-68.25,3
1465,-17.25,-68.25,3
1466,-16.75,-68.25,3
1467,-16.25,-68.25,3
1468,-15.75,-68.25,3
1469,-15.25,-68.25,3
1470,-14.75,-68.25,3
1471,-14.25,-68.25,1
1472,-13.75,-68.25,1
1473,-13.25,-68.25,1
1474,-12.75,-68.25,1
1475,-12.25,-68.25,1
1476,-11.75,-68.25,1
1477,-11.25,-68.25,1
1478,-10.75,-68.25,1
1479,-10.25,-68.25,1
1480,-9.75,-68.25,1
1481,-9.25,-68.25,1
1482,-8.75,-68.25,1
1483,-8.25,-68.25,1
1484,-7.75,-68.25,4
1485,-7.25,-68.25,4
1486,-6.75,-68.25,4
1487,-6.25,-68.25,4
1488,-5.75,-68.25,4
1489,-5.25,-68.25,4
1490,-4.75,-68.25,4
1491,-4.25,-68.25,4
1492,-3.75,-68.25,4
1493,-3.25,-68.25,4
1494,-2.75,-68.25,4
1495,-2.25,-68.25,4
1496,-1.75,-68.25,2
1497,-1.25,-68.25,2
1498,-0.75,-68.25,5
1499,-0.25,-68.25,5
1500,0.25,-68.25,5
1501,0.75,-68.25,5
1502,1.25,-68.25,5
1503,1.75,-68.25,5
1504,2.25,-68.25,5
1505,2.75,-68.25,5
1506,3.25,-68.25,5
1507,3.75,-68.25,5
1508,4.25,-68.25,5
1509,4.75,-68.25,5
1510,5.25,-68.25,5
1511,5.75,-68.25,5
1512,6.25,-68.25,5
1513,-21.25,-67.75,3
1514,-20.75,-67.75,3
1515,-20.25,-67.75,3
1516,-19.75,-67.75,3
1517,-19.25,-67.75,3
1518,-18.75,-67.75,3
1519,-18.25,-67.75,3
1520,-17.75,-67.75,3
1521,-17.25,-67.75,3
1522,-16.75,-67.75,3
1523,-16.25,-67.75,3
1524,-15.75,-67.75,3
1525,-15.25,-67.75,1
1526,-14.75,-67.75,1
1527,-14.25,-67.75,1
1528,-13.75,-67.75,1
1529,-13.25,-67.75,1
1530,-12.75,-67.75,1
1531,-12.25,-67.75,1
1532,-11.75,-67.75,1
1533,-11.25,-67.75,1
1534,-10.75,-67.75,1
1535,-10.25,-67.75,1
1536,-9.75,-67.75,1
1537,-9.25,-67.75,1
1538,-8.75,-67.75,1
1539,-8.25,-67.75,1
1540,-7.75,-67.75,4
1541,-7.25,-67.75,4
1542,-6.75,-67.75,4
1543,-6.25,-67.75,4
1544,-5.75,-67.75,4
1545,-5.25,-67.75,4
1546,-4.75,-67.75,4
1547,-4.25,-67.75,4
1548,-3.75,-67.75,4
1549,-3.25,-67.75,4
1550,-2.75,-67.75,4
1551,-2.25,-67.75,4
1552,-1.75,-67.75,2
1553,-1.25,-67.75,2
1554,-0.75,-67.75,2
1555,-0.25,-67.75,5
1556,0.25,-67.75,5
1557,0.75,-67.75,5
1558,1.25,-67.75,5
1559,1.75,-67.75,5
1560,2.25,-67.75,5
1561,2.75,-67.75,5
1562,3.25,-67.75,5
1563,3.75,-67.75,5
1564,4.25,-67.75,5
1565,4.75,-67.75,5
1566,5.25,-67.75,5
1567,5.75,-67.75,5
1568,6.25,-67.75,5
1569,-21.25,-67.25,3
1570,-20.75,-67.25,3
1571,-20.25,-67.25,3
1572,-19.75,-67.25,3
1573,-19.25,-67.25,3
1574,-18.75,-67.25,3
1575,-18.25,-67.25,3
1576,-17.75,-67.25,3
1577,-17.25,-67.25,3
1578,-16.75,-67.25,3
1579,-16.25,-67.25,1
1580,-15.75,-67.25,1
1581,-15.25,-67.25,1
1582,-14.75,-67.25,1
1583,-14.25,-67.25,1
1584,-13.75,-67.25,1
1585,-13.25,-67.25,1
1586,-12.75,-67.25,1
1587,-12.25,-67.25,1
1588,-11.75,-67.25,1
1589,-11.25,-67.25,1
1590,-10.75,-67.25,1
1591,-10.25,-67.25,1
1592,-9.75,-67.25,1
1593,-9.25,-67.25,1
1594,-8.75,-67.25,1
1595,-8.25,-67.25,4
1596,-7.75,-67.25,4
1597,-7.25,-67.25,4
1598,-6.75,-67.25,4
1599,-6.25,-67.25,4
1600,-5.75,-67.25,4
1601,-5.25,-67.25,4
1602,-4.75,-67.25,4
1603,-4.25,-67.25,4
1604,-3.75,-67.25,4
1605,-3.25,-67.25,4
1606,-2.75,-67.25,4
1607,-2.25,-67.25,2
1608,-1.75,-67.25,2
1609,-1.25,-67.25,2
1610,-0.75,-67.25,2
1611,-0.25,-67.25,2
1612,0.25,-67.25,2
1613,0.75,-67.25,5
1614,1.25,-67.25,5
1615,1.75,-67.25,5
1616,2.25,-67.25,5
1617,2.75,-67.25,5
1618,3.25,-67.25,5
1619,3.75,-67.25,5
1620,4.25,-67.25,5
1621,4.75,-67.25,5
1622,5.25,-67.25,5
1623,5.75,-67.25,5
1624,6.25,-67.25,5
1625,-21.25,-66.75,3
1626,-20.75,-66.75,3
1627,-20.25,-66.75,3
1628,-19.75,-66.75,3
1629,-19.25,-66.75,3
1630,-18.75,-66.75,3
1631,-18.25,-66.75,3
1632,-17.75,-66.75,3
1633,-17.25,-66.75,3
1634,-16.75,-66.75,3
1635,-16.25,-66.75,1
1636,-15.75,-66.75,1
1637,-15.25,-66.75,1
1638,-14.75,-66.75,1
1639,-14.25,-66.75,1
1640,-13.75,-66.75,1
1641,-13.25,-66.75,1
1642,-12.75,-66.75,1
1643,-12.25,-66.75,1
1644,-11.75,-66.75,1
1645,-11.25,-66.75,1
1646,-10.75,-66.75,1
1647,-10.25,-66.75,1
1648,-9.75,-66.75,1
1649,-9.25,-66.75,1
1650,-8.75,-66.75,1
1651,-8.25,-66.75,4
1652,-7.75,-66.75,4
1653,-7.25,-66.75,4
1654,-6.75,-66.75,4
1655,-6.25,-66.75,4
1656,-5.75,-66.75,4
1657,-5.25,-66.75,4
1658,-4.75,-66.75,4
1659,-4.25,-66.75,4
1660,-3.75,-66.75,4
1661,-3.25,-66.75,4
1662,-2.75,-66.75,4
1663,-2.25,-66.75,2
1664,-1.75,-66.75,2
1665,-1.25,-66.75,2
1666,-0.75,-66.75,2
1667,-0.25,-66.75,2
1668,0.25,-66.75,2
1669,0.75,-66.75,5
1670,1.25,-66.75,5
1671,1.75,-66.75,5
1672,2.25,-66.75,5
1673,2.75,-66.75,5
1674,3.25,-66.75,5
1675,3.75,-66.75,5
1676,4.25,-66.75,5
1677,4.75,-66.75,5
1678,5.25,-66.75,5
1679,5.75,-66.75,5
1680,6.25,-66.75,5
1681,-21.25,-66.25,3
1682,-20.75,-66.25,3
1683,-20.25,-66.25,3
1684,-19.75,-66.25,3
1685,-19.25,-66.25,3
1686,-18.75,-66.25,3
1687,-18.25,-66.25,3
1688,-17.75,-66.25,3
1689,-17.25,-66.25,3
1690,-16.75,-66.25,1
1691,-16.25,-66.25,4
1692,-15.75,-66.25,1
1693,-15.25,-66.25,1
1694,-14.75,-66.25,1
1695,-14.25,-66.25,1
1696,-13.75,-66.25,1
1697,-13.25,-66.25,1
1698,-12.75,-66.25,1
1699,-12.25,-66.25,1
1700,-11.75,-66.25,1
1701,-11.25,-66.25,1
1702,-10.75,-66.25,1
1703,-10.25,-66.25,1
1704,-9.75,-66.25,1
1705,-9.25,-66.25,1
1706,-8.75,-66.25,1
1707,-8.25,-66.25,4
1708,-7.75,-66.25,4
1709,-7.25,-66.25,4
1710,-6.75,-66.25,4
1711,-6.25,-66.25,4
1712,-5.75,-66.25,4
1713,-5.25,-66.25,4
1714,-4.75,-66.25,4
1715,-4.25,-66.25,4
1716,-3.75,-66.25,4
1717,-3.25,-66.25,4
1718,-2.75,-66.25,4
1719,-2.25,-66.25,2
1720,-1.75,-66.25,2
1721,-1.25,-66.25,2
1722,-0.75,-66.25,2
1723,-0.25,-66.25,2
1724,0.25,-66.25,2
1725,0.75,-66.25,5
1726,1.25,-66.25,5
1727,1.75,-66.25,5
1728,2.25,-66.25,5
1729,2.75,-66.25,5
1730,3.25,-66.25,5
1731,3.75,-66.25,5
1732,4.25,-66.25,5
1733,4.75,-66.25,5
1734,5.25,-66.25,5
1735,5.75,-66.25,5
1736,6.25,-66.25,5
1737,-21.25,-65.75,3
1738,-20.75,-65.75,3
1739,-20.25,-65.75,3
1740,-19.75,-65.75,3
1741,-19.25,-65.75,3
1742,-18.75,-65.75,3
1743,-18.25,-65.75,3
1744,-17.75,-65.75,3
1745,-17.25,-65.75,1
1746,-16.75,-65.75,4
1747,-16.25,-65.75,4
1748,-15.75,-65.75,4
1749,-15.25,-65.75,1
1750,-14.75,-65.75,1
1751,-14.25,-65.75,1
1752,-13.75,-65.75,1
1753,-13.25,-65.75,1
1754,-12.75,-65.75,1
1755,-12.25,-65.75,1
1756,-11.75,-65.75,1
1757,-11.25,-65.75,1
1758,-10.75,-65.75,1
1759,-10.25,-65.75,1
1760,-9.75,-65.75,1
1761,-9.25,-65.75,1
1762,-8.75,-65.75,1
1763,-8.25,-65.75,4
1764,-7.75,-65.75,4
1765,-7.25,-65.75,4
1766,-6.75,-65.75,4
1767,-6.25,-65.75,4
1768,-5.75,-65.75,4
1769,-5.25,-65.75,4
1770,-4.75,-65.75,4
1771,-4.25,-65.75,4
1772,-3.75,-65.75,4
1773,-3.25,-65.75,4
1774,-2.75,-65.75,4
1775,-2.25,-65.75,4
1776,-1.75,-65.75,2
1777,-1.25,-65.75,2
1778,-0.75,-65.75,2
1779,-0.25,-65.75,2
1780,0.25,-65.75,2
1781,0.75,-65.75,2
1782,1.25,-65.75,5
1783,1.75,-65.75,5
1784,2.25,-65.75,5
1785,2.75,-65.75,5
1786,3.25,-65.75,5
1787,3.75,-65.75,5
1788,4.25,-65.75,5
1789,4.75,-65.75,5
1790,5.25,-65.75,5
1791,5.75,-65.75,5
1792,6.25,-65.75,5
1793,-21.25,-65.25,3
1794,-20.75,-65.25,3
1795,-20.25,-65.25,3
1796,-19.75,-65.25,3
1797,-19.25,-65.25,3
1798,-18.75,-65.25,3
1799,-18.25,-65.25,3
1800,-17.75,-65.25,3
1801,-17.25,-65.25,4
1802,-16.75,-65.25,4
1803,-16.25,-65.25,4
1804,-15.75,-65.25,4
1805,-15.25,-65.25,1
1806,-14.75,-65.25,1
1807,-14.25,-65.25,1
1808,-13.75,-65.25,1
1809,-13.25,-65.25,1
1810,-12.75,-65.25,1
1811,-12.25,-65.25,1
1812,-11.75,-65.25,1
1813,-11.25,-65.25,1
1814,-10.75,-65.25,1
1815,-10.25,-65.25,1
1816,-9.75,-65.25,1
1817,-9.25,-65.25,1
1818,-8.75,-65.25,1
1819,-8.25,-65.25,4
1820,-7.75,-65.25,4
1821,-7.25,-65.25,4
1822,-6.75,-65.25,4
1823,-6.25,-65.25,4
1824,-5.75,-65.25,4
1825,-5.25,-65.25,4
1826,-4.75,-65.25,4
1827,-4.25,-65.25,4
1828,-3.75,-65.25,4
1829,-3.25,-65.25,4
1830,-2.75,-65.25,4
1831,-2.25,-65.25,5
1832,-1.75,-65.25,2
1833,-1.25,-65.25,2
1834,-0.75,-65.25,2
1835,-0.25,-65.25,2
1836,0.25,-65.25,2
1837,0.75,-65.25,2
1838,1.25,-65.25,2
1839,1.75,-65.25,2
1840,2.25,-65.25,2
1841,2.75,-65.25,2
1842,3.25,-65.25,5
1843,3.75,-65.25,5
1844,4.25,-65.25,5
1845,4.75,-65.25,5
1846,5.25,-65.25,5
1847,5.75,-65.25,5
1848,6.25,-65.25,5
1849,-21.25,-64.75,3
1850,-20.75,-64.75,3
1851,-20.25,-64.75,3
1852,-19.75,-64.75,3
1853,-19.25,-64.75,3
1854,-18.75,-64.75,3
1855,-18.25,-64.75,3
1856,-17.75,-64.75,3
1857,-17.25,-64.75,4
1858,-16.75,-64.75,4
1859,-16.25,-64.75,4
1860,-15.75,-64.75,1
1861,-15.25,-64.75,1
1862,-14.75,-64.75,1
1863,-14.25,-64.75,1
1864,-13.75,-64.75,1
1865,-13.25,-64.75,1
1866,-12.75,-64.75,1
1867,-12.25,-64.75,1
1868,-11.75,-64.75,1
1869,-11.25,-64.75,1
1870,-10.75,-64.75,1
1871,-10.25,-64.75,1
1872,-9.75,-64.75,1
1873,-9.25,-64.75,1
1874,-8.75,-64.75,1
1875,-8.25,-64.75,1
1876,-7.75,-64.75,4
1877,-7.25,-64.75,4
1878,-6.75,-64.75,4
1879,-6.25,-64.75,4
1880,-5.75,-64.75,4
1881,-5.25,-64.75,4
1882,-4.75,-64.75,4
1883,-4.25,-64.75,4
1884,-3.75,-64.75,4
1885,-3.25,-64.75,4
1886,-2.75,-64.75,4
1887,-2.25,-64.75,5
1888,-1.75,-64.75,4
1889,-1.25,-64.75,2
1890,-0.75,-64.75,2
1891,-0.25,-64.75,2
1892,0.25,-64.75,2
1893,0.75,-64.75,2
1894,1.25,-64.75,2
1895,1.75,-64.75,2
1896,2.25,-64.75,2
1897,2.75,-64.75,2
1898,3.25,-64.75,5
1899,3.75,-64.75,5
1900,4.25,-64.75,5
1901,4.75,-64.75,5
1902,5.25,-64.75,5
1903,5.75,-64.75,5
1904,6.25,-64.75,5
1905,-21.25,-64.25,3
1906,-20.75,-64.25,3
1907,-20.25,-64.25,3
1908,-19.75,-64.25,3
1909,-19.25,-64.25,3
1910,-18.75,-64.25,3
1911,-18.25,-64.25,3
1912,-17.75,-64.25,3
1913,-17.25,-64.25,1
1914,-16.75,-64.25,1
1915,-16.25,-64.25,1
1916,-15.75,-64.25,1
1917,-15.25,-64.25,1
1918,-14.75,-64.25,1
1919,-14.25,-64.25,1
1920,-13.75,-64.25,1
1921,-13.25,-64.25,1
1922,-12.75,-64.25,1
1923,-12.25,-64.25,1
1924,-11.75,-64.25,1
1925,-11.25,-64.25,1
1926,-10.75,-64.25,1
1927,-10.25,-64.25,1
1928,-9.75,-64.25,1
1929,-9.25,-64.25,1
1930,-8.75,-64.25,1
1931,-8.25,-64.25,1
1932,-7.75,-64.25,4
1933,-7.25,-64.25,4
1934,-6.75,-64.25,4
1935,-6.25,-64.25,4
1936,-5.75,-64.25,4
1937,-5.25,-64.25,4
1938,-4.75,-64.25,4
1939,-4.25,-64.25,4
1940,-3.75,-64.25,4
1941,-3.25,-64.25,4
1942,-2.75,-64.25,4
1943,-2.25,-64.25,5
1944,-1.75,-64.25,5
1945,-1.25,-64.25,2
1946,-0.75,-64.25,2
1947,-0.25,-64.25,2
1948,0.25,-64.25,2
1949,0.75,-64.25,2
1950,1.25,-64.25,2
1951,1.75,-64.25,2
1952,2.25,-64.25,2
1953,2.75,-64.25,2
1954,3.25,-64.25,2
1955,3.75,-64.25,5
1956,4.25,-64.25,5
1957,4.75,-64.25,5
1958,5.25,-64.25,5
1959,5.75,-64.25,5
1960,6.25,-64.25,5
1961,-21.25,-63.75,3
1962,-20.75,-63.75,3
1963,-20.25,-63.75,3
1964,-19.75,-63.75,3
1965,-19.25,-63.75,3
1966,-18.75,-63.75,3
1967,-18.25,-63.75,3
1968,-17.75,-63.75,3
1969,-17.25,-63.75,1
1970,-16.75,-63.75,1
1971,-16.25,-63.75,1
1972,-15.75,-63.75,1
1973,-15.25,-63.75,1
1974,-14.75,-63.75,1
1975,-14.25,-63.75,1
1976,-13.75,-63.75,1
1977,-13.25,-63.75,1
1978,-12.75,-63.75,1
1979,-12.25,-63.75,1
1980,-11.75,-63.75,1
1981,-11.25,-63.75,1
1982,-10.75,-63.75,1
1983,-10.25,-63.75,1
1984,-9.75,-63.75,1
1985,-9.25,-63.75,1
1986,-8.75,-63.75,1
1987,-8.25,-63.75,1
1988,-7.75,-63.75,4
1989,-7.25,-63.75,4
1990,-6.75,-63.75,4
1991,-6.25,-63.75,4
1992,-5.75,-63.75,4
1993,-5.25,-63.75,4
1994,-4.75,-63.75,4
1995,-4.25,-63.75,4
1996,-3.75,-63.75,4
1997,-3.25,-63.75,4
1998,-2.75,-63.75,4
1999,-2.25,-63.75,4
2000,-1.75,-63.75,2
2001,-1.25,-63.75,2
2002,-0.75,-63.75,2
2003,-0.25,-63.75,2
2004,0.25,-63.75,2
2005,0.75,-63.75,2
2006,1.25,-63.75,2
2007,1.75,-63.75,2
2008,2.25,-63.75,2
2009,2.75,-63.75,2
2010,3.25,-63.75,5
2011,3.75,-63.75,5
2012,4.25,-63.75,5
2013,4.75,-63.75,5
2014,5.25,-63.75,5
2015,5.75,-63.75,5
2016,6.25,-63.75,5
2017,-21.25,-63.25,3
2018,-20.75,-63.25,3
2019,-20.25,-63.25,3
2020,-19.75,-63.25,3
2021,-19.25,-63.25,3
2022,-18.75,-63.25,3
2023,-18.25,-63.25,3
2024,-17.75,-63.25,3
2025,-17.25,-63.25,1
2026,-16.75,-63.25,1
2027,-16.25,-63.25,1
2028,-15.75,-63.25,1
2029,-15.25,-63.25,1
2030,-14.75,-63.25,1
2031,-14.25,-63.25,1
2032,-13.75,-63.25,1
2033,-13.25,-63.25,1
2034,-12.75,-63.25,1
2035,-12.25,-63.25,1
2036,-11.75,-63.25,1
2037,-11.25,-63.25,1
2038,-10.75,-63.25,1
2039,-10.25,-63.25,1
2040,-9.75,-63.25,1
2041,-9.25,-63.25,1
2042,-8.75,-63.25,4
2043,-8.25,-63.25,4
2044,-7.75,-63.25,4
2045,-7.25,-63.25,4
2046,-6.75,-63.25,4
2047,-6.25,-63.25,4
2048,-5.75,-63.25,4
2049,-5.25,-63.25,4
2050,-4.75,-63.25,4
2051,-4.25,-63.25,4
2052,-3.75,-63.25,4
2053,-3.25,-63.25,4
2054,-2.75,-63.25,4
2055,-2.25,-63.25,2
2056,-1.75,-63.25,2
2057,-1.25,-63.25,2
2058,-0.75,-63.25,2
2059,-0.25,-63.25,2
2060,0.25,-63.25,2
2061,0.75,-63.25,2
2062,1.25,-63.25,2
2063,1.75,-63.25,2
2064,2.25,-63.25,2
2065,2.75,-63.25,2
2066,3.25,-63.25,5
2067,3.75,-63.25,5
2068,4.25,-63.25,5
2069,4.75,-63.25,5
2070,5.25,-63.25,5
2071,5.75,-63.25,5
2072,6.25,-63.25,5
2073,-21.25,-62.75,3
2074,-20.75,-62.75,3
2075,-20.25,-62.75,3
2076,-19.75,-62.75,3
2077,-19.25,-62.75,3
2078,-18.75,-62.75,3
2079,-18.25,-62.75,1
2080,-17.75,-62.75,1
2081,-17.25,-62.75,1
2082,-16.75,-62.75,1
2083,-16.25,-62.75,1
2084,-15.75,-62.75,1
2085,-15.25,-62.75,1
2086,-14.75,-62.75,1
2087,-14.25,-62.75,1
2088,-13.75,-62.75,1
2089,-13.25,-62.75,1
2090,-12.75,-62.75,1
2091,-12.25,-62.75,1
2092,-11.75,-62.75,1
2093,-11.25,-62.75,1
2094,-10.75,-62.75,1
2095,-10.25,-62.75,1
2096,-9.75,-62.75,1
2097,-9.25,-62.75,1
2098,-8.75,-62.75,4
2099,-8.25,-62.75,4
2100,-7.75,-62.75,4
2101,-7.25,-62.75,4
2102,-6.75,-62.75,4
2103,-6.25,-62.75,4
2104,-5.75,-62.75,4
2105,-5.25,-62.75,4
2106,-4.75,-62.75,4
2107,-4.25,-62.75,4
2108,-3.75,-62.75,4
2109,-3.25,-62.75,4
2110,-2.75,-62.75,4
2111,-2.25,-62.75,2
2112,-1.75,-62.75,2
2113,-1.25,-62.75,2
2114,-0.75,-62.75,2
2115,-0.25,-62.75,2
2116,0.25,-62.75,2
2117,0.75,-62.75,2
2118,1.25,-62.75,2
2119,1.75,-62.75,2
2120,2.25,-62.75,2
2121,2.75,-62.75,2
2122,3.25,-62.75,2
2123,3.75,-62.75,5
2124,4.25,-62.75,5
2125,4.75,-62.75,5
2126,5.25,-62.75,5
2127,5.75,-62.75,5
2128,6.25,-62.75,5
2129,-21.25,-62.25,3
2130,-20.75,-62.25,3
2131,-20.25,-62.25,3
2132,-19.75,-62.25,3
2133,-19.25,-62.25,3
2134,-18.75,-62.25,3
2135,-18.25,-62.25,1
2136,-17.75,-62.25,1
2137,-17.25,-62.25,1
2138,-16.75,-62.25,1
2139,-16.25,-62.25,1
2140,-15.75,-62.25,1
2141,-15.25,-62.25,1
2142,-14.75,-62.25,1
2143,-14.25,-62.25,1
2144,-13.75,-62.25,1
2145,-13.25,-62.25,1
2146,-12.75,-62.25,1
2147,-12.25,-62.25,1
2148,-11.75,-62.25,1
2149,-11.25,-62.25,1
2150,-10.75,-62.25,1
2151,-10.25,-62.25,1
2152,-9.75,-62.25,1
2153,-9.25,-62.25,1
2154,-8.75,-62.25,1
2155,-8.25,-62.25,1
2156,-7.75,-62.25,4
2157,-7.25,-62.25,4
2158,-6.75,-62.25,4
2159,-6.25,-62.25,4
2160,-5.75,-62.25,4
2161,-5.25,-62.25,4
2162,-4.75,-62.25,4
2163,-4.25,-62.25,4
2164,-3.75,-62.25,4
2165,-3.25,-62.25,4
2166,-2.75,-62.25,4
2167,-2.25,-62.25,2
2168,-1.75,-62.25,2
2169,-1.25,-62.25,2
2170,-0.75,-62.25,2
2171,-0.25,-62.25,2
2172,0.25,-62.25,2
2173,0.75,-62.25,2
2174,1.25,-62.25,2
2175,1.75,-62.25,2
2176,2.25,-62.25,2
2177,2.75,-62.25,2
2178,3.25,-62.25,2
2179,3.75,-62.25,2
2180,4.25,-62.25,5
2181,4.75,-62.25,5
2182,5.25,-62.25,5
2183,5.75,-62.25,5
2184,6.25,-62.25,2
2185,-21.25,-61.75,3
2186,-20.75,-61.75,3
2187,-20.25,-61.75,3
2188,-19.75,-61.75,3
2189,-19.25,-61.75,3
2190,-18.75,-61.75,3
2191,-18.25,-61.75,3
2192,-17.75,-61.75,3
2193,-17.25,-61.75,3
2194,-16.75,-61.75,3
2195,-16.25,-61.75,3
2196,-15.75,-61.75,3
2197,-15.25,-61.75,3
2198,-14.75,-61.75,1
2199,-14.25,-61.75,1
2200,-13.75,-61.75,1
2201,-13.25,-61.75,1
2202,-12.75,-61.75,1
2203,-12.25,-61.75,1
2204,-11.75,-61.75,1
2205,-11.25,-61.75,1
2206,-10.75,-61.75,1
2207,-10.25,-61.75,1
2208,-9.75,-61.75,1
2209,-9.25,-61.75,1
2210,-8.75,-61.75,1
2211,-8.25,-61.75,4
2212,-7.75,-61.75,4
2213,-7.25,-61.75,4
2214,-6.75,-61.75,4
2215,-6.25,-61.75,4
2216,-5.75,-61.75,4
2217,-5.25,-61.75,4
2218,-4.75,-61.75,4
2219,-4.25,-61.75,4
2220,-3.75,-61.75,4
2221,-3.25,-61.75,4
2222,-2.75,-61.75,4
2223,-2.25,-61.75,4
2224,-1.75,-61.75,2
2225,-1.25,-61.75,2
2226,-0.75,-61.75,2
2227,-0.25,-61.75,2
2228,0.25,-61.75,2
2229,0.75,-61.75,2
2230,1.25,-61.75,2
2231,1.75,-61.75,2
2232,2.25,-61.75,2
2233,2.75,-61.75,2
2234,3.25,-61.75,2
2235,3.75,-61.75,2
2236,4.25,-61.75,2
2237,4.75,-61.75,5
2238,5.25,-61.75,5
2239,5.75,-61.75,5
2240,6.25,-61.75,2
2241,-21.25,-61.25,3
2242,-20.75,-61.25,3
2243,-20.25,-61.25,3
2244,-19.75,-61.25,3
2245,-19.25,-61.25,3
2246,-18.75,-61.25,3
2247,-18.25,-61.25,3
2248,-17.75,-61.25,3
2249,-17.25,-61.25,3
2250,-16.75,-61.25,3
2251,-16.25,-61.25,3
2252,-15.75,-61.25,3
2253,-15.25,-61.25,3
2254,-14.75,-61.25,1
2255,-14.25,-61.25,1
2256,-13.75,-61.25,1
2257,-13.25,-61.25,1
2258,-12.75,-61.25,1
2259,-12.25,-61.25,1
2260,-11.75,-61.25,1
2261,-11.25,-61.25,1
2262,-10.75,-61.25,1
2263,-10.25,-61.25,1
2264,-9.75,-61.25,1
2265,-9.25,-61.25,1
2266,-8.75,-61.25,4
2267,-8.25,-61.25,4
2268,-7.75,-61.25,4
2269,-7.25,-61.25,4
2270,-6.75,-61.25,4
2271,-6.25,-61.25,4
2272,-5.75,-61.25,4
2273,-5.25,-61.25,4
2274,-4.75,-61.25,4
2275,-4.25,-61.25,4
2276,-3.75,-61.25,4
2277,-3.25,-61.25,4
2278,-2.75,-61.25,4
2279,-2.25,-61.25,4
2280,-1.75,-61.25,2
2281,-1.25,-61.25,2
2282,-0.75,-61.25,2
2283,-0.25,-61.25,2
2284,0.25,-61.25,2
2285,0.75,-61.25,2
2286,1.25,-61.25,2
2287,1.75,-61.25,2
2288,2.25,-61.25,2
2289,2.75,-61.25,2
2290,3.25,-61.25,2
2291,3.75,-61.25,2
2292,4.25,-61.25,2
2293,4.75,-61.25,2
2294,5.25,-61.25,2
2295,5.75,-61.25,2
2296,6.25,-61.25,2
2297,-21.25,-60.75,3
2298,-20.75,-60.75,3
2299,-20.25,-60.75,3
2300,-19.75,-60.75,3
2301,-19.25,-60.75,3
2302,-18.75,-60.75,3
2303,-18.25,-60.75,3
2304,-17.75,-60.75,3
2305,-17.25,-60.75,3
2306,-16.75,-60.75,3
2307,-16.25,-60.75,3
2308,-15.75,-60.75,3
2309,-15.25,-60.75,1
2310,-14.75,-60.75,1
2311,-14.25,-60.75,1
2312,-13.75,-60.75,1
2313,-13.25,-60.75,1
2314,-12.75,-60.75,1
2315,-12.25,-60.75,1
2316,-11.75,-60.75,1
2317,-11.25,-60.75,1
2318,-10.75,-60.75,1
2319,-10.25,-60.75,1
2320,-9.75,-60.75,1
2321,-9.25,-60.75,1
2322,-8.75,-60.75,4
2323,-8.25,-60.75,4
2324,-7.75,-60.75,4
2325,-7.25,-60.75,4
2326,-6.75,-60.75,4
2327,-6.25,-60.75,4
2328,-5.75,-60.75,4
2329,-5.25,-60.75,4
2330,-4.75,-60.75,4
2331,-4.25,-60.75,4
2332,-3.75,-60.75,4
2333,-3.25,-60.75,4
2334,-2.75,-60.75,4
2335,-2.25,-60.75,4
2336,-1.75,-60.75,4
2337,-1.25,-60.75,2
2338,-0.75,-60.75,2
2339,-0.25,-60.75,2
2340,0.25,-60.75,2
2341,0.75,-60.75,2
2342,1.25,-60.75,2
2343,1.75,-60.75,2
2344,2.25,-60.75,2
2345,2.75,-60.75,2
2346,3.25,-60.75,2
2347,3.75,-60.75,2
2348,4.25,-60.75,2
2349,4.75,-60.75,2
2350,5.25,-60.75,2
2351,5.75,-60.75,2
2352,6.25,-60.75,2
2353,-21.25,-60.25,3
2354,-20.75,-60.25,3
2355,-20.25,-60.25,3
2356,-19.75,-60.25,3
2357,-19.25,-60.25,3
2358,-18.75,-60.25,3
2359,-18.25,-60.25,3
2360,-17.75,-60.25,3
2361,-17.25,-60.25,3
2362,-16.75,-60.25,3
2363,-16.25,-60.25,3
2364,-15.75,-60.25,1
2365,-15.25,-60.25,1
2366,-14.75,-60.25,1
2367,-14.25,-60.25,1
2368,-13.75,-60.25,1
2369,-13.25,-60.25,1
2370,-12.75,-60.25,1
2371,-12.25,-60.25,1
2372,-11.75,-60.25,1
2373,-11.25,-60.25,1
2374,-10.75,-60.25,1
2375,-10.25,-60.25,1
2376,-9.75,-60.25,1
2377,-9.25,-60.25,1
2378,-8.75,-60.25,4
2379,-8.25,-60.25,4
2380,-7.75,-60.25,4
2381,-7.25,-60.25,4
2382,-6.75,-60.25,4
2383,-6.25,-60.25,4
2384,-5.75,-60.25,4
2385,-5.25,-60.25,4
2386,-4.75,-60.25,4
2387,-4.25,-60.25,4
2388,-3.75,-60.25,4
2389,-3.25,-60.25,4
2390,-2.75,-60.25,4
2391,-2.25,-60.25,4
2392,-1.75,-60.25,4
2393,-1.25,-60.25,2
2394,-0.75,-60.25,2
2395,-0.25,-60.25,2
2396,0.25,-60.25,2
2397,0.75,-60.25,2
2398,1.25,-60.25,2
2399,1.75,-60.25,2
2400,2.25,-60.25,2
2401,2.75,-60.25,2
2402,3.25,-60.25,2
2403,3.75,-60.25,2
2404,4.25,-60.25,2
2405,4.75,-60.25,2
2406,5.25,-60.25,2
2407,5.75,-60.25,2
2408,6.25,-60.25,2
2409,-21.25,-59.75,3
2410,-20.75,-59.75,3
2411,-20.25,-59.75,3
2412,-19.75,-59.75,3
2413,-19.25,-59.75,3
2414,-18.75,-59.75,3
2415,-18.25,-59.75,3
2416,-17.75,-59.75,3
2417,-17.25,-59.75,3
2418,-16.75,-59.75,3
2419,-16.25,-59.75,1
2420,-15.75,-59.75,1
2421,-15.25,-59.75,1
2422,-14.75,-59.75,1
2423,-14.25,-59.75,1
2424,-13.75,-59.75,1
2425,-13.25,-59.75,1
2426,-12.75,-59.75,1
2427,-12.25,-59.75,1
2428,-11.75,-59.75,1
2429,-11.25,-59.75,1
2430,-10.75,-59.75,1
2431,-10.25,-59.75,1
2432,-9.75,-59.75,1
2433,-9.25,-59.75,1
2434,-8.75,-59.75,4
2435,-8.25,-59.75,4
2436,-7.75,-59.75,4
2437,-7.25,-59.75,4
2438,-6.75,-59.75,4
2439,-6.25,-59.75,4
2440,-5.75,-59.75,4
2441,-5.25,-59.75,4
2442,-4.75,-59.75,4
2443,-4.25,-59.75,4
2444,-3.75,-59.75,4
2445,-3.25,-59.75,4
2446,-2.75,-59.75,4
2447,-2.25,-59.75,4
2448,-1.75,-59.75,4
2449,-1.25,-59.75,4
2450,-0.75,-59.75,2
2451,-0.25,-59.75,2
2452,0.25,-59.75,2
2453,0.75,-59.75,2
2454,1.25,-59.75,2
2455,1.75,-59.75,2
2456,2.25,-59.75,2
2457,2.75,-59.75,2
2458,3.25,-59.75,2
2459,3.75,-59.75,2
2460,4.25,-59.75,3
2461,4.75,-59.75,2
2462,5.25,-59.75,5
2463,5.75,-59.75,2
2464,6.25,-59.75,2
2465,-21.25,-59.25,3
2466,-20.75,-59.25,3
2467,-20.25,-59.25,3
2468,-19.75,-59.25,3
2469,-19.25,-59.25,3
2470,-18.75,-59.25,3
2471,-18.25,-59.25,3
2472,-17.75,-59.25,3
2473,-17.25,-59.25,3
2474,-16.75,-59.25,1
2475,-16.25,-59.25,1
2476,-15.75,-59.25,1
2477,-15.25,-59.25,1
2478,-14.75,-59.25,1
2479,-14.25,-59.25,1
2480,-13.75,-59.25,1
2481,-13.25,-59.25,1
2482,-12.75,-59.25,1
2483,-12.25,-59.25,1
2484,-11.75,-59.25,1
2485,-11.25,-59.25,1
2486,-10.75,-59.25,1
2487,-10.25,-59.25,1
2488,-9.75,-59.25,1
2489,-9.25,-59.25,1
2490,-8.75,-59.25,1
2491,-8.25,-59.25,4
2492,-7.75,-59.25,4
2493,-7.25,-59.25,4
2494,-6.75,-59.25,4
2495,-6.25,-59.25,4
2496,-5.75,-59.25,4
2497,-5.25,-59.25,4
2498,-4.75,-59.25,4
2499,-4.25,-59.25,4
2500,-3.75,-59.25,4
2501,-3.25,-59.25,4
2502,-2.75,-59.25,4
2503,-2.25,-59.25,4
2504,-1.75,-59.25,4
2505,-1.25,-59.25,4
2506,-0.75,-59.25,4
2507,-0.25,-59.25,2
2508,0.25,-59.25,2
2509,0.75,-59.25,2
2510,1.25,-59.25,2
2511,1.75,-59.25,2
2512,2.25,-59.25,2
2513,2.75,-59.25,2
2514,3.25,-59.25,2
2515,3.75,-59.25,2
2516,4.25,-59.25,2
2517,4.75,-59.25,5
2518,5.25,-59.25,5
2519,5.75,-59.25,5
2520,6.25,-59.25,2
2521,-21.25,-58.75,3
2522,-20.75,-58.75,3
2523,-20.25,-58.75,3
2524,-19.75,-58.75,3
2525,-19.25,-58.75,3
2526,-18.75,-58.75,3
2527,-18.25,-58.75,3
2528,-17.75,-58.75,3
2529,-17.25,-58.75,3
2530,-16.75,-58.75,1
2531,-16.25,-58.75,1
2532,-15.75,-58.75,1
2533,-15.25,-58.75,1
2534,-14.75,-58.75,1
2535,-14.25,-58.75,1
2536,-13.75,-58.75,1
2537,-13.25,-58.75,1
2538,-12.75,-58.75,1
2539,-12.25,-58.75,1
2540,-11.75,-58.75,1
2541,-11.25,-58.75,1
2542,-10.75,-58.75,1
2543,-10.25,-58.75,1
2544,-9.75,-58.75,1
2545,-9.25,-58.75,1
2546,-8.75,-58.75,1
2547,-8.25,-58.75,4
2548,-7.75,-58.75,4
2549,-7.25,-58.75,4
2550,-6.75,-58.75,4
2551,-6.25,-58.75,4
2552,-5.75,-58.75,4
2553,-5.25,-58.75,4
2554,-4.75,-58.75,4
2555,-4.25,-58.75,4
2556,-3.75,-58.75,4
2557,-3.25,-58.75,4
2558,-2.75,-58.75,4
2559,-2.25,-58.75,4
2560,-1.75,-58.75,4
2561,-1.25,-58.75,4
2562,-0.75,-58.75,4
2563,-0.25,-58.75,2
2564,0.25,-58.75,2
2565,0.75,-58.75,2
2566,1.25,-58.75,2
2567,1.75,-58.75,2
2568,2.25,-58.75,2
2569,2.75,-58.75,2
2570,3.25,-58.75,2
2571,3.75,-58.75,2
2572,4.25,-58.75,2
2573,4.75,-58.75,2
2574,5.25,-58.75,5
2575,5.75,-58.75,2
2576,6.25,-58.75,2
2577,-21.25,-58.25,3
2578,-20.75,-58.25,3
2579,-20.25,-58.25,3
2580,-19.75,-58.25,3
2581,-19.25,-58.25,3
2582,-18.75,-58.25,3
2583,-18.25,-58.25,3
2584,-17.75,-58.25,3
2585,-17.25,-58.25,3
2586,-16.75,-58.25,3
2587,-16.25,-58.25,1
2588,-15.75,-58.25,1
2589,-15.25,-58.25,1
2590,-14.75,-58.25,1
2591,-14.25,-58.25,1
2592,-13.75,-58.25,1
2593,-13.25,-58.25,1
2594,-12.75,-58.25,1
2595,-12.25,-58.25,1
2596,-11.75,-58.25,1
2597,-11.25,-58.25,1
2598,-10.75,-58.25,1
2599,-10.25,-58.25,1
2600,-9.75,-58.25,1
2601,-9.25,-58.25,1
2602,-8.75,-58.25,1
2603,-8.25,-58.25,4
2604,-7.75,-58.25,4
2605,-7.25,-58.25,4
2606,-6.75,-58.25,4
2607,-6.25,-58.25,4
2608,-5.75,-58.25,4
2609,-5.25,-58.25,4
2610,-4.75,-58.25,4
2611,-4.25,-58.25,4
2612,-3.75,-58.25,4
2613,-3.25,-58.25,4
2614,-2.75,-58.25,4
2615,-2.25,-58.25,4
2616,-1.75,-58.25,4
2617,-1.25,-58.25,4
2618,-0.75,-58.25,4
2619,-0.25,-58.25,4
2620,0.25,-58.25,2
2621,0.75,-58.25,2
2622,1.25,-58.25,2
2623,1.75,-58.25,2
2624,2.25,-58.25,2
2625,2.75,-58.25,2
2626,3.25,-58.25,2
2627,3.75,-58.25,2
2628,4.25,-58.25,2
2629,4.75,-58.25,2
2630,5.25,-58.25,2
2631,5.75,-58.25,2
2632,6.25,-58.25,2
2633,-21.25,-57.75,3
2634,-20.75,-57.75,3
2635,-20.25,-57.75,3
2636,-19.75,-57.75,3
2637,-19.25,-57.75,3
2638,-18.75,-57.75,3
2639,-18.25,-57.75,3
2640,-17.75,-57.75,3
2641,-17.25,-57.75,3
2642,-16.75,-57.75,3
2643,-16.25,-57.75,1
2644,-15.75,-57.75,1
2645,-15.25,-57.75,1
2646,-14.75,-57.75,1
2647,-14.25,-57.75,1
2648,-13.75,-57.75,1
2649,-13.25,-57.75,1
2650,-12.75,-57.75,1
2651,-12.25,-57.75,1
2652,-11.75,-57.75,1
2653,-11.25,-57.75,1
2654,-10.75,-57.75,1
2655,-10.25,-57.75,1
2656,-9.75,-57.75,1
2657,-9.25,-57.75,1
2658,-8.75,-57.75,1
2659,-8.25,-57.75,4
2660,-7.75,-57.75,4
2661,-7.25,-57.75,4
2662,-6.75,-57.75,4
2663,-6.25,-57.75,4
2664,-5.75,-57.75,4
2665,-5.25,-57.75,4
2666,-4.75,-57.75,4
2667,-4.25,-57.75,4
2668,-3.75,-57.75,4
2669,-3.25,-57.75,4
2670,-2.75,-57.75,4
2671,-2.25,-57.75,4
2672,-1.75,-57.75,4
2673,-1.25,-57.75,4
2674,-0.75,-57.75,4
2675,-0.25,-57.75,4
2676,0.25,-57.75,4
2677,0.75,-57.75,2
2678,1.25,-57.75,2
2679,1.75,-57.75,2
2680,2.25,-57.75,2
2681,2.75,-57.75,2
2682,3.25,-57.75,2
2683,3.75,-57.75,2
2684,4.25,-57.75,2
2685,4.75,-57.75,2
2686,5.25,-57.75,2
2687,5.75,-57.75,2
2688,6.25,-57.75,2
2689,-21.25,-57.25,1
2690,-20.75,-57.25,1
2691,-20.25,-57.25,3
2692,-19.75,-57.25,3
2693,-19.25,-57.25,3
2694,-18.75,-57.25,3
2695,-18.25,-57.25,3
2696,-17.75,-57.25,3
2697,-17.25,-57.25,3
2698,-16.75,-57.25,1
2699,-16.25,-57.25,1
2700,-15.75,-57.25,1
2701,-15.25,-57.25,1
2702,-14.75,-57.25,1
2703,-14.25,-57.25,1
2704,-13.75,-57.25,1
2705,-13.25,-57.25,1
2706,-12.75,-57.25,1
2707,-12.25,-57.25,1
2708,-11.75,-57.25,1
2709,-11.25,-57.25,1
2710,-10.75,-57.25,1
2711,-10.25,-57.25,1
2712,-9.75,-57.25,1
2713,-9.25,-57.25,1
2714,-8.75,-57.25,1
2715,-8.25,-57.25,4
2716,-7.75,-57.25,4
2717,-7.25,-57.25,4
2718,-6.75,-57.25,4
2719,-6.25,-57.25,4
2720,-5.75,-57.25,4
2721,-5.25,-57.25,4
2722,-4.75,-57.25,4
2723,-4.25,-57.25,4
2724,-3.75,-57.25,4
2725,-3.25,-57.25,4
2726,-2.75,-57.25,4
2727,-2.25,-57.25,4
2728,-1.75,-57.25,4
2729,-1.25,-57.25,4
2730,-0.75,-57.25,4
2731,-0.25,-57.25,4
2732,0.25,-57.25,4
2733,0.75,-57.25,2
2734,1.25,-57.25,2
2735,1.75,-57.25,2
2736,2.25,-57.25,2
2737,2.75,-57.25,2
2738,3.25,-57.25,2
2739,3.75,-57.25,2
2740,4.25,-57.25,2
2741,4.75,-57.25,2
2742,5.25,-57.25,2
2743,5.75,-57.25,2
2744,6.25,-57.25,2
2745,-21.25,-56.75,1
2746,-20.75,-56.75,3
2747,-20.25,-56.75,3
2748,-19.75,-56.75,3
2749,-19.25,-56.75,3
2750,-18.75,-56.75,3
2751,-18.25,-56.75,3
2752,-17.75,-56.75,1
2753,-17.25,-56.75,1
2754,-16.75,-56.75,1
2755,-16.25,-56.75,1
2756,-15.75,-56.75,1
2757,-15.25,-56.75,1
2758,-14.75,-56.75,1
2759,-14.25,-56.75,1
2760,-13.75,-56.75,1
2761,-13.25,-56.75,1
2762,-12.75,-56.75,1
2763,-12.25,-56.75,1
2764,-11.75,-56.75,1
2765,-11.25,-56.75,1
2766,-10.75,-56.75,1
2767,-10.25,-56.75,1
2768,-9.75,-56.75,1
2769,-9.25,-56.75,1
2770,-8.75,-56.75,1
2771,-8.25,-56.75,4
2772,-7.75,-56.75,4
2773,-7.25,-56.75,4
2774,-6.75,-56.75,4
2775,-6.25,-56.75,4
2776,-5.75,-56.75,4
2777,-5.25,-56.75,4
2778,-4.75,-56.75,4
2779,-4.25,-56.75,4
2780,-3.75,-56.75,4
2781,-3.25,-56.75,4
2782,-2.75,-56.75,4
2783,-2.25,-56.75,4
2784,-1.75,-56.75,4
2785,-1.25,-56.75,4
2786,-0.75,-56.75,4
2787,-0.25,-56.75,4
2788,0.25,-56.75,4
2789,0.75,-56.75,2
2790,1.25,-56.75,2
2791,1.75,-56.75,2
2792,2.25,-56.75,2
2793,2.75,-56.75,2
2794,3.25,-56.75,2
2795,3.75,-56.75,2
2796,4.25,-56.75,2
2797,4.75,-56.75,2
2798,5.25,-56.75,2
2799,5.75,-56.75,2
2801,-21.25,-56.25,3
2802,-20.75,-56.25,3
2803,-20.25,-56.25,3
2804,-19.75,-56.25,3
2805,-19.25,-56.25,3
2806,-18.75,-56.25,3
2807,-18.25,-56.25,1
2808,-17.75,-56.25,1
2809,-17.25,-56.25,1
2810,-16.75,-56.25,1
2811,-16.25,-56.25,1
2812,-15.75,-56.25,1
2813,-15.25,-56.25,1
2814,-14.75,-56.25,1
2815,-14.25,-56.25,1
2816,-13.75,-56.25,1
2817,-13.25,-56.25,1
2818,-12.75,-56.25,1
2819,-12.25,-56.25,1
2820,-11.75,-56.25,1
2821,-11.25,-56.25,1
2822,-10.75,-56.25,1
2823,-10.25,-56.25,1
2824,-9.75,-56.25,1
2825,-9.25,-56.25,1
2826,-8.75,-56.25,1
2827,-8.25,-56.25,1
2828,-7.75,-56.25,1
2829,-7.25,-56.25,4
2830,-6.75,-56.25,4
2831,-6.25,-56.25,4
2832,-5.75,-56.25,4
2833,-5.25,-56.25,4
2834,-4.75,-56.25,4
2835,-4.25,-56.25,4
2836,-3.75,-56.25,4
2837,-3.25,-56.25,4
2838,-2.75,-56.25,4
2839,-2.25,-56.25,4
2840,-1.75,-56.25,4
2841,-1.25,-56.25,4
2842,-0.75,-56.25,4
2843,-0.25,-56.25,4
2844,0.25,-56.25,4
2845,0.75,-56.25,2
2846,1.25,-56.25,2
2847,1.75,-56.25,2
2848,2.25,-56.25,2
2849,2.75,-56.25,2
2850,3.25,-56.25,2
2851,3.75,-56.25,2
2852,4.25,-56.25,2
2853,4.75,-56.25,2
2854,5.25,-56.25,2
2855,5.75,-56.25,2
2857,-21.25,-55.75,3
2858,-20.75,-55.75,3
2859,-20.25,-55.75,3
2860,-19.75,-55.75,3
2861,-19.25,-55.75,3
2862,-18.75,-55.75,1
2863,-18.25,-55.75,1
2864,-17.75,-55.75,1
2865,-17.25,-55.75,1
2866,-16.75,-55.75,1
2867,-16.25,-55.75,1
2868,-15.75,-55.75,1
2869,-15.25,-55.75,1
2870,-14.75,-55.75,1
2871,-14.25,-55.75,1
2872,-13.75,-55.75,1
2873,-13.25,-55.75,1
2874,-12.75,-55.75,1
2875,-12.25,-55.75,1
2876,-11.75,-55.75,1
2877,-11.25,-55.75,1
2878,-10.75,-55.75,1
2879,-10.25,-55.75,1
2880,-9.75,-55.75,1
2881,-9.25,-55.75,1
2882,-8.75,-55.75,1
2883,-8.25,-55.75,1
2884,-7.75,-55.75,1
2885,-7.25,-55.75,1
2886,-6.75,-55.75,4
2887,-6.25,-55.75,4
2888,-5.75,-55.75,4
2889,-5.25,-55.75,4
2890,-4.75,-55.75,4
2891,-4.25,-55.75,4
2892,-3.75,-55.75,4
2893,-3.25,-55.75,4
2894,-2.75,-55.75,4
2895,-2.25,-55.75,4
2896,-1.75,-55.75,4
2897,-1.25,-55.75,4
2898,-0.75,-55.75,4
2899,-0.25,-55.75,4
2900,0.25,-55.75,2
2901,0.75,-55.75,2
2902,1.25,-55.75,2
2903,1.75,-55.75,2
2904,2.25,-55.75,2
2905,2.75,-55.75,2
2906,3.25,-55.75,2
2907,3.75,-55.75,2
2908,4.25,-55.75,2
2909,4.75,-55.75,2
2910,5.25,-55.75,2
2911,5.75,-55.75,2
2913,-21.25,-55.25,3
2914,-20.75,-55.25,1
2915,-20.25,-55.25,3
2916,-19.75,-55.25,3
2917,-19.25,-55.25,1
2918,-18.75,-55.25,1
2919,-18.25,-55.25,1
2920,-17.75,-55.25,1
2921,-17.25,-55.25,1
2922,-16.75,-55.25,1
2923,-16.25,-55.25,1
2924,-15.75,-55.25,1
2925,-15.25,-55.25,1
2926,-14.75,-55.25,1
2927,-14.25,-55.25,1
2928,-13.75,-55.25,1
2929,-13.25,-55.25,1
2930,-12.75,-55.25,1
2931,-12.25,-55.25,1
2932,-11.75,-55.25,1
2933,-11.25,-55.25,1
2934,-10.75,-55.25,1
2935,-10.25,-55.25,1
2936,-9.75,-55.25,1
2937,-9.25,-55.25,1
2938,-8.75,-55.25,1
2939,-8.25,-55.25,1
2940,-7.75,-55.25,1
2941,-7.25,-55.25,1
2942,-6.75,-55.25,4
2943,-6.25,-55.25,4
2944,-5.75,-55.25,4
2945,-5.25,-55.25,4
2946,-4.75,-55.25,4
2947,-4.25,-55.25,4
2948,-3.75,-55.25,4
2949,-3.25,-55.25,4
2950,-2.75,-55.25,4
2951,-2.25,-55.25,4
2952,-1.75,-55.25,4
2953,-1.25,-55.25,4
2954,-0.75,-55.25,4
2955,-0.25,-55.25,4
2956,0.25,-55.25,2
2957,0.75,-55.25,2
2958,1.25,-55.25,2
2959,1.75,-55.25,2
2960,2.25,-55.25,2
2961,2.75,-55.25,2
2962,3.25,-55.25,2
2963,3.75,-55.25,2
2964,4.25,-55.25,2
2965,4.75,-55.25,2
2966,5.25,-55.25,2
2967,5.75,-55.25,2
2968,6.25,-55.25,2
2969,-21.25,-54.75,1
2970,-20.75,-54.75,1
2971,-20.25,-54.75,1
2972,-19.75,-54.75,1
2973,-19.25,-54.75,1
2974,-18.75,-54.75,1
2975,-18.25,-54.75,1
2976,-17.75,-54.75,1
2977,-17.25,-54.75,1
2978,-16.75,-54.75,1
2979,-16.25,-54.75,1
2980,-15.75,-54.75,1
2981,-15.25,-54.75,1
2982,-14.75,-54.75,1
2983,-14.25,-54.75,1
2984,-13.75,-54.75,1
2985,-13.25,-54.75,1
2986,-12.75,-54.75,1
2987,-12.25,-54.75,1
2988,-11.75,-54.75,1
2989,-11.25,-54.75,1
2990,-10.75,-54.75,1
2991,-10.25,-54.75,1
2992,-9.75,-54.75,1
2993,-9.25,-54.75,1
2994,-8.75,-54.75,1
2995,-8.25,-54.75,1
2996,-7.75,-54.75,1
2997,-7.25,-54.75,1
2998,-6.75,-54.75,4
2999,-6.25,-54.75,4
3000,-5.75,-54.75,4
3001,-5.25,-54.75,4
3002,-4.75,-54.75,4
3003,-4.25,-54.75,4
3004,-3.75,-54.75,4
3005,-3.25,-54.75,4
3006,-2.75,-54.75,4
3007,-2.25,-54.75,4
3008,-1.75,-54.75,4
3009,-1.25,-54.75,4
3010,-0.75,-54.75,4
3011,-0.25,-54.75,2
3012,0.25,-54.75,2
3013,0.75,-54.75,2
3014,1.25,-54.75,2
3015,1.75,-54.75,2
3016,2.25,-54.75,2
3017,2.75,-54.75,2
3018,3.25,-54.75,2
3019,3.75,-54.75,2
3020,4.25,-54.75,2
3021,4.75,-54.75,2
3022,5.25,-54.75,2
3023,5.75,-54.75,2
3025,-21.25,-54.25,3
3026,-20.75,-54.25,1
3027,-20.25,-54.25,1
3028,-19.75,-54.25,1
3029,-19.25,-54.25,1
3030,-18.75,-54.25,1
3031,-18.25,-54.25,1
3032,-17.75,-54.25,1
3033,-17.25,-54.25,1
3034,-16.75,-54.25,1
3035,-16.25,-54.25,1
3036,-15.75,-54.25,1
3037,-15.25,-54.25,1
3038,-14.75,-54.25,1
3039,-14.25,-54.25,1
3040,-13.75,-54.25,1
3041,-13.25,-54.25,1
3042,-12.75,-54.25,1
3043,-12.25,-54.25,1
3044,-11.75,-54.25,1
3045,-11.25,-54.25,1
3046,-10.75,-54.25,1
3047,-10.25,-54.25,1
3048,-9.75,-54.25,1
3049,-9.25,-54.25,1
3050,-8.75,-54.25,1
3051,-8.25,-54.25,1
3052,-7.75,-54.25,1
3053,-7.25,-54.25,1
3054,-6.75,-54.25,4
3055,-6.25,-54.25,4
3056,-5.75,-54.25,4
3057,-5.25,-54.25,4
3058,-4.75,-54.25,4
3059,-4.25,-54.25,4
3060,-3.75,-54.25,4
3061,-3.25,-54.25,4
3062,-2.75,-54.25,4
3063,-2.25,-54.25,4
3064,-1.75,-54.25,4
3065,-1.25,-54.25,4
3066,-0.75,-54.25,2
3067,-0.25,-54.25,2
3068,0.25,-54.25,2
3069,0.75,-54.25,2
3070,1.25,-54.25,2
3071,1.75,-54.25,2
3072,2.25,-54.25,2
3073,2.75,-54.25,2
3074,3.25,-54.25,2
3075,3.75,-54.25,2
3076,4.25,-54.25,2
3077,4.75,-54.25,2
3078,5.25,-54.25,2
3079,5.75,-54.25,2
3081,-21.25,-53.75,1
3082,-20.75,-53.75,1
3083,-20.25,-53.75,1
3084,-19.75,-53.75,1
3085,-19.25,-53.75,1
3086,-18.75,-53.75,1
3087,-18.25,-53.75,1
3088,-17.75,-53.75,1
3089,-17.25,-53.75,1
3090,-16.75,-53.75,1
3091,-16.25,-53.75,1
3092,-15.75,-53.75,1
3093,-15.25,-53.75,1
3094,-14.75,-53.75,1
3095,-14.25,-53.75,1
3096,-13.75,-53.75,1
3097,-13.25,-53.75,1
3098,-12.75,-53.75,1
3099,-12.25,-53.75,1
3100,-11.75,-53.75,1
3101,-11.25,-53.75,1
3102,-10.75,-53.75,1
3103,-10.25,-53.75,1
3104,-9.75,-53.75,1
3105,-9.25,-53.75,1
3106,-8.75,-53.75,1
3107,-8.25,-53.75,1
3108,-7.75,-53.75,1
3109,-7.25,-53.75,1
3110,-6.75,-53.75,4
3111,-6.25,-53.75,4
3112,-5.75,-53.75,4
3113,-5.25,-53.75,4
3114,-4.75,-53.75,4
3115,-4.25,-53.75,4
3116,-3.75,-53.75,4
3117,-3.25,-53.75,4
3118,-2.75,-53.75,4
3119,-2.25,-53.75,4
3120,-1.75,-53.75,2
3121,-1.25,-53.75,2
3122,-0.75,-53.75,2
3123,-0.25,-53.75,2
3124,0.25,-53.75,2
3125,0.75,-53.75,2
3126,1.25,-53.75,2
3127,1.75,-53.75,2
3128,2.25,-53.75,2
3129,2.75,-53.75,2
3130,3.25,-53.75,2
3131,3.75,-53.75,2
3132,4.25,-53.75,2
3133,4.75,-53.75,2
3134,5.25,-53.75,2
3135,5.75,-53.75,2
3137,-21.25,-53.25,1
3138,-20.75,-53.25,1
3139,-20.25,-53.25,1
3140,-19.75,-53.25,1
3141,-19.25,-53.25,1
3142,-18.75,-53.25,1
3143,-18.25,-53.25,1
3144,-17.75,-53.25,1
3145,-17.25,-53.25,1
3146,-16.75,-53.25,1
3147,-16.25,-53.25,1
3148,-15.75,-53.25,1
3149,-15.25,-53.25,1
3150,-14.75,-53.25,1
3151,-14.25,-53.25,1
3152,-13.75,-53.25,1
3153,-13.25,-53.25,1
3154,-12.75,-53.25,1
3155,-12.25,-53.25,1
3156,-11.75,-53.25,1
3157,-11.25,-53.25,1
3158,-10.75,-53.25,1
3159,-10.25,-53.25,1
3160,-9.75,-53.25,1
3161,-9.25,-53.25,1
3162,-8.75,-53.25,1
3163,-8.25,-53.25,1
3164,-7.75,-53.25,1
3165,-7.25,-53.25,1
3166,-6.75,-53.25,4
3167,-6.25,-53.25,4
3168,-5.75,-53.25,4
3169,-5.25,-53.25,4
3170,-4.75,-53.25,4
3171,-4.25,-53.25,4
3172,-3.75,-53.25,4
3173,-3.25,-53.25,4
3174,-2.75,-53.25,4
3175,-2.25,-53.25,4
3176,-1.75,-53.25,2
3177,-1.25,-53.25,2
3178,-0.75,-53.25,2
3179,-0.25,-53.25,2
3180,0.25,-53.25,2
3181,0.75,-53.25,2
3182,1.25,-53.25,2
3183,1.75,-53.25,2
3184,2.25,-53.25,2
3185,2.75,-53.25,2
3186,3.25,-53.25,2
3187,3.75,-53.25,2
3188,4.25,-53.25,2
3189,4.75,-53.25,2
3190,5.25,-53.25,2
3191,5.75,-53.25,2
3193,-21.25,-52.75,1
3194,-20.75,-52.75,1
3195,-20.25,-52.75,1
3196,-19.75,-52.75,1
3197,-19.25,-52.75,1
3198,-18.75,-52.75,1
3199,-18.25,-52.75,1
3200,-17.75,-52.75,1
3201,-17.25,-52.75,1
3202,-16.75,-52.75,1
3203,-16.25,-52.75,1
3204,-15.75,-52.75,1
3205,-15.25,-52.75,1
3206,-14.75,-52.75,1
3207,-14.25,-52.75,1
3208,-13.75,-52.75,1
3209,-13.25,-52.75,1
3210,-12.75,-52.75,1
3211,-12.25,-52.75,1
3212,-11.75,-52.75,1
3213,-11.25,-52.75,1
3214,-10.75,-52.75,1
3215,-10.25,-52.75,1
3216,-9.75,-52.75,1
3217,-9.25,-52.75,1
3218,-8.75,-52.75,1
3219,-8.25,-52.75,1
3220,-7.75,-52.75,1
3221,-7.25,-52.75,1
3222,-6.75,-52.75,4
3223,-6.25,-52.75,4
3224,-5.75,-52.75,4
3225,-5.25,-52.75,4
3226,-4.75,-52.75,4
3227,-4.25,-52.75,4
3228,-3.75,-52.75,4
3229,-3.25,-52.75,4
3230,-2.75,-52.75,4
3231,-2.25,-52.75,4
3232,-1.75,-52.75,2
3233,-1.25,-52.75,2
3234,-0.75,-52.75,2
3235,-0.25,-52.75,2
3236,0.25,-52.75,2
3237,0.75,-52.75,2
3238,1.25,-52.75,2
3239,1.75,-52.75,2
3240,2.25,-52.75,2
3241,2.75,-52.75,2
3242,3.25,-52.75,2
3243,3.75,-52.75,2
3244,4.25,-52.75,2
3245,4.75,-52.75,2
3246,5.25,-52.75,2
3247,5.75,-52.75,2
3249,-21.25,-52.25,1
3250,-20.75,-52.25,1
3251,-20.25,-52.25,1
3252,-19.75,-52.25,1
3253,-19.25,-52.25,1
3254,-18.75,-52.25,1
3255,-18.25,-52.25,1
3256,-17.75,-52.25,1
3257,-17.25,-52.25,1
3258,-16.75,-52.25,1
3259,-16.25,-52.25,1
3260,-15.75,-52.25,1
3261,-15.25,-52.25,1
3262,-14.75,-52.25,1
3263,-14.25,-52.25,1
3264,-13.75,-52.25,1
3265,-13.25,-52.25,1
3266,-12.75,-52.25,1
3267,-12.25,-52.25,1
3268,-11.75,-52.25,1
3269,-11.25,-52.25,1
3270,-10.75,-52.25,1
3271,-10.25,-52.25,1
3272,-9.75,-52.25,1
3273,-9.25,-52.25,1
3274,-8.75,-52.25,1
3275,-8.25,-52.25,1
3276,-7.75,-52.25,1
3277,-7.25,-52.25,1
3278,-6.75,-52.25,1
3279,-6.25,-52.25,4
3280,-5.75,-52.25,4
3281,-5.25,-52.25,4
3282,-4.75,-52.25,4
3283,-4.25,-52.25,4
3284,-3.75,-52.25,4
3285,-3.25,-52.25,4
3286,-2.75,-52.25,4
3287,-2.25,-52.25,4
3288,-1.75,-52.25,2
3289,-1.25,-52.25,2
3290,-0.75,-52.25,2
3291,-0.25,-52.25,2
3292,0.25,-52.25,2
3293,0.75,-52.25,2
3294,1.25,-52.25,2
3295,1.75,-52.25,2
3296,2.25,-52.25,2
3297,2.75,-52.25,2
3298,3.25,-52.25,2
3299,3.75,-52.25,2
3300,4.25,-52.25,2
3301,4.75,-52.25,2
3302,5.25,-52.25,2
3305,-21.25,-51.75,1
3306,-20.75,-51.75,3
3307,-20.25,-51.75,1
3308,-19.75,-51.75,1
3309,-19.25,-51.75,1
3310,-18.75,-51.75,1
3311,-18.25,-51.75,1
3312,-17.75,-51.75,1
3313,-17.25,-51.75,1
3314,-16.75,-51.75,1
3315,-16.25,-51.75,1
3316,-15.75,-51.75,1
3317,-15.25,-51.75,1
3318,-14.75,-51.75,1
3319,-14.25,-51.75,1
3320,-13.75,-51.75,1
3321,-13.25,-51.75,1
3322,-12.75,-51.75,1
3323,-12.25,-51.75,1
3324,-11.75,-51.75,1
3325,-11.25,-51.75,1
3326,-10.75,-51.75,1
3327,-10.25,-51.75,1
3328,-9.75,-51.75,1
3329,-9.25,-51.75,1
3330,-8.75,-51.75,1
3331,-8.25,-51.75,1
3332,-7.75,-51.75,1
3333,-7.25,-51.75,1
3334,-6.75,-51.75,1
3335,-6.25,-51.75,1
3336,-5.75,-51.75,4
3337,-5.25,-51.75,4
3338,-4.75,-51.75,4
3339,-4.25,-51.75,4
3340,-3.75,-51.75,4
3341,-3.25,-51.75,4
3342,-2.75,-51.75,4
3343,-2.25,-51.75,4
3344,-1.75,-51.75,4
3345,-1.25,-51.75,2
3346,-0.75,-51.75,2
3347,-0.25,-51.75,4
3348,0.25,-51.75,4
3349,0.75,-51.75,2
3350,1.25,-51.75,4
3351,1.75,-51.75,4
3352,2.25,-51.75,4
3353,2.75,-51.75,2
3354,3.25,-51.75,2
3355,3.75,-51.75,2
3356,4.25,-51.75,2
3357,4.75,-51.75,2
3361,-21.25,-51.25,1
3362,-20.75,-51.25,1
3363,-20.25,-51.25,1
3364,-19.75,-51.25,1
3365,-19.25,-51.25,1
3366,-18.75,-51.25,1
3367,-18.25,-51.25,1
3368,-17.75,-51.25,1
3369,-17.25,-51.25,1
3370,-16.75,-51.25,1
3371,-16.25,-51.25,1
3372,-15.75,-51.25,1
3373,-15.25,-51.25,1
3374,-14.75,-51.25,1
3375,-14.25,-51.25,1
3376,-13.75,-51.25,1
3377,-13.25,-51.25,1
3378,-12.75,-51.25,1
3379,-12.25,-51.25,1
3380,-11.75,-51.25,1
3381,-11.25,-51.25,1
3382,-10.75,-51.25,1
3383,-10.25,-51.25,1
3384,-9.75,-51.25,1
3385,-9.25,-51.25,1
3386,-8.75,-51.25,1
3387,-8.25,-51.25,1
3388,-7.75,-51.25,1
3389,-7.25,-51.25,1
3390,-6.75,-51.25,1
3391,-6.25,-51.25,1
3392,-5.75,-51.25,1
3393,-5.25,-51.25,4
3394,-4.75,-51.25,4
3395,-4.25,-51.25,4
3396,-3.75,-51.25,4
3397,-3.25,-51.25,4
3398,-2.75,-51.25,4
3399,-2.25,-51.25,4
3400,-1.75,-51.25,4
3401,-1.25,-51.25,4
3402,-0.75,-51.25,4
3403,-0.25,-51.25,4
3404,0.25,-51.25,4
3405,0.75,-51.25,4
3406,1.25,-51.25,4
3407,1.75,-51.25,4
3408,2.25,-51.25,4
3409,2.75,-51.25,4
3410,3.25,-51.25,4
3411,3.75,-51.25,2
3412,4.25,-51.25,2
3417,-21.25,-50.75,1
3418,-20.75,-50.75,1
3419,-20.25,-50.75,1
3420,-19.75,-50.75,1
3421,-19.25,-50.75,1
3422,-18.75,-50.75,1
3423,-18.25,-50.75,1
3424,-17.75,-50.75,1
3425,-17.25,-50.75,1
3426,-16.75,-50.75,1
3427,-16.25,-50.75,1
3428,-15.75,-50.75,1
3429,-15.25,-50.75,1
3430,-14.75,-50.75,1
3431,-14.25,-50.75,1
3432,-13.75,-50.75,1
3433,-13.25,-50.75,1
3434,-12.75,-50.75,1
3435,-12.25,-50.75,1
3436,-11.75,-50.75,1
3437,-11.25,-50.75,1
3438,-10.75,-50.75,1
3439,-10.25,-50.75,1
3440,-9.75,-50.75,1
3441,-9.25,-50.75,1
3442,-8.75,-50.75,1
3443,-8.25,-50.75,1
3444,-7.75,-50.75,1
3445,-7.25,-50.75,1
3446,-6.75,-50.75,1
3447,-6.25,-50.75,1
3448,-5.75,-50.75,1
3449,-5.25,-50.75,1
3450,-4.75,-50.75,4
3451,-4.25,-50.75,4
3452,-3.75,-50.75,4
3453,-3.25,-50.75,4
3454,-2.75,-50.75,4
3455,-2.25,-50.75,4
3456,-1.75,-50.75,4
3457,-1.25,-50.75,4
3458,-0.75,-50.75,4
3459,-0.25,-50.75,4
3460,0.25,-50.75,4
3461,0.75,-50.75,4
3462,1.25,-50.75,4
3463,1.75,-50.75,4
3464,2.25,-50.75,4
3465,2.75,-50.75,4
3466,3.25,-50.75,4
3473,-21.25,-50.25,1
3474,-20.75,-50.25,1
3475,-20.25,-50.25,1
3476,-19.75,-50.25,1
3477,-19.25,-50.25,1
3478,-18.75,-50.25,1
3479,-18.25,-50.25,1
3480,-17.75,-50.25,1
3481,-17.25,-50.25,1
3482,-16.75,-50.25,1
3483,-16.25,-50.25,1
3484,-15.75,-50.25,1
3485,-15.25,-50.25,1
3486,-14.75,-50.25,1
3487,-14.25,-50.25,1
3488,-13.75,-50.25,1
3489,-13.25,-50.25,1
3490,-12.75,-50.25,1
3491,-12.25,-50.25,1
3492,-11.75,-50.25,1
3493,-11.25,-50.25,1
3494,-10.75,-50.25,1
3495,-10.25,-50.25,1
3496,-9.75,-50.25,1
3497,-9.25,-50.25,1
3498,-8.75,-50.25,1
3499,-8.25,-50.25,1
3500,-7.75,-50.25,1
3501,-7.25,-50.25,1
3502,-6.75,-50.25,1
3503,-6.25,-50.25,1
3504,-5.75,-50.25,1
3505,-5.25,-50.25,1
3506,-4.75,-50.25,4
3507,-4.25,-50.25,4
3508,-3.75,-50.25,4
3509,-3.25,-50.25,4
3510,-2.75,-50.25,4
3511,-2.25,-50.25,4
3512,-1.75,-50.25,4
3513,-1.25,-50.25,4
3514,-0.75,-50.25,4
3515,-0.25,-50.25,4
3516,0.25,-50.25,4
3517,0.75,-50.25,4
3518,1.25,-50.25,4
3519,1.75,-50.25,4
3520,2.25,-50.25,4
3529,-21.25,-49.75,1
3530,-20.75,-49.75,1
3531,-20.25,-49.75,1
3532,-19.75,-49.75,1
3533,-19.25,-49.75,1
3534,-18.75,-49.75,1
3535,-18.25,-49.75,1
3536,-17.75,-49.75,1
3537,-17.25,-49.75,1
3538,-16.75,-49.75,1
3539,-16.25,-49.75,1
3540,-15.75,-49.75,1
3541,-15.25,-49.75,1
3542,-14.75,-49.75,1
3543,-14.25,-49.75,1
3544,-13.75,-49.75,1
3545,-13.25,-49.75,1
3546,-12.75,-49.75,1
3547,-12.25,-49.75,1
3548,-11.75,-49.75,1
3549,-11.25,-49.75,1
3550,-10.75,-49.75,1
3551,-10.25,-49.75,1
3552,-9.75,-49.75,1
3553,-9.25,-49.75,1
3554,-8.75,-49.75,1
3555,-8.25,-49.75,1
3556,-7.75,-49.75,1
3557,-7.25,-49.75,1
3558,-6.75,-49.75,1
3559,-6.25,-49.75,1
3560,-5.75,-49.75,1
3561,-5.25,-49.75,1
3562,-4.75,-49.75,4
3563,-4.25,-49.75,4
3564,-3.75,-49.75,4
3565,-3.25,-49.75,4
3566,-2.75,-49.75,4
3567,-2.25,-49.75,4
3568,-1.75,-49.75,4
3569,-1.25,-49.75,4
3570,-0.75,-49.75,4
3571,-0.25,-49.75,4
3572,0.25,-49.75,4
3573,0.75,-49.75,4
3574,1.25,-49.75,4
3575,1.75,-49.75,4
3585,-21.25,-49.25,1
3586,-20.75,-49.25,1
3587,-20.25,-49.25,1
3588,-19.75,-49.25,1
3589,-19.25,-49.25,1
3590,-18.75,-49.25,1
3591,-18.25,-49.25,1
3592,-17.75,-49.25,1
3593,-17.25,-49.25,1
3594,-16.75,-49.25,1
3595,-16.25,-49.25,1
3596,-15.75,-49.25,1
3597,-15.25,-49.25,1
3598,-14.75,-49.25,1
3599,-14.25,-49.25,1
3600,-13.75,-49.25,1
3601,-13.25,-49.25,1
3602,-12.75,-49.25,1
3603,-12.25,-49.25,1
3604,-11.75,-49.25,1
3605,-11.25,-49.25,1
3606,-10.75,-49.25,1
3607,-10.25,-49.25,1
3608,-9.75,-49.25,1
3609,-9.25,-49.25,1
3610,-8.75,-49.25,1
3611,-8.25,-49.25,1
3612,-7.75,-49.25,1
3613,-7.25,-49.25,1
3614,-6.75,-49.25,1
3615,-6.25,-49.25,1
3616,-5.75,-49.25,1
3617,-5.25,-49.25,1
3618,-4.75,-49.25,4
3619,-4.25,-49.25,4
3620,-3.75,-49.25,4
3621,-3.25,-49.25,4
3622,-2.75,-49.25,4
3623,-2.25,-49.25,4
3624,-1.75,-49.25,4
3625,-1.25,-49.25,4
3626,-0.75,-49.25,4
3627,-0.25,-49.25,4
3628,0.25,-49.25,4
3641,-21.25,-48.75,1
3642,-20.75,-48.75,1
3643,-20.25,-48.75,1
3644,-19.75,-48.75,1
3645,-19.25,-48.75,1
3646,-18.75,-48.75,1
3647,-18.25,-48.75,1
3648,-17.75,-48.75,1
3649,-17.25,-48.75,1
3650,-16.75,-48.75,1
3651,-16.25,-48.75,1
3652,-15.75,-48.75,1
3653,-15.25,-48.75,1
3654,-14.75,-48.75,1
3655,-14.25,-48.75,1
3656,-13.75,-48.75,1
3657,-13.25,-48.75,1
3658,-12.75,-48.75,1
3659,-12.25,-48.75,1
3660,-11.75,-48.75,1
3661,-11.25,-48.75,1
3662,-10.75,-48.75,1
3663,-10.25,-48.75,1
3664,-9.75,-48.75,1
3665,-9.25,-48.75,1
3666,-8.75,-48.75,1
3667,-8.25,-48.75,1
3668,-7.75,-48.75,1
3669,-7.25,-48.75,1
3670,-6.75,-48.75,1
3671,-6.25,-48.75,1
3672,-5.75,-48.75,1
3673,-5.25,-48.75,4
3674,-4.75,-48.75,4
3675,-4.25,-48.75,4
3676,-3.75,-48.75,4
3677,-3.25,-48.75,4
3678,-2.75,-48.75,4
3679,-2.25,-48.75,4
3680,-1.75,-48.75,4
3681,-1.25,-48.75,4
3682,-0.75,-48.75,4
3683,-0.25,-48.75,4
3697,-21.25,-48.25,1
3698,-20.75,-48.25,1
3699,-20.25,-48.25,1
3700,-19.75,-48.25,1
3701,-19.25,-48.25,1
3702,-18.75,-48.25,1
3703,-18.25,-48.25,1
3704,-17.75,-48.25,1
3705,-17.25,-48.25,1
3706,-16.75,-48.25,1
3707,-16.25,-48.25,1
3708,-15.75,-48.25,1
3709,-15.25,-48.25,1
3710,-14.75,-48.25,1
3711,-14.25,-48.25,1
3712,-13.75,-48.25,1
3713,-13.25,-48.25,1
3714,-12.75,-48.25,1
3715,-12.25,-48.25,1
3716,-11.75,-48.25,1
3717,-11.25,-48.25,1
3718,-10.75,-48.25,1
3719,-10.25,-48.25,1
3720,-9.75,-48.25,1
3721,-9.25,-48.25,1
3722,-8.75,-48.25,1
3723,-8.25,-48.25,1
3724,-7.75,-48.25,1
3725,-7.25,-48.25,1
3726,-6.75,-48.25,1
3727,-6.25,-48.25,1
3728,-5.75,-48.25,1
3729,-5.25,-48.25,1
3730,-4.75,-48.25,4
3731,-4.25,-48.25,4
3732,-3.75,-48.25,4
3733,-3.25,-48.25,4
3734,-2.75,-48.25,4
3735,-2.25,-48.25,4
3736,-1.75,-48.25,4
3737,-1.25,-48.25,4
3738,-0.75,-48.25,4
3739,-0.25,-48.25,4
3753,-21.25,-47.75,1
3754,-20.75,-47.75,1
3755,-20.25,-47.75,1
3756,-19.75,-47.75,1
3757,-19.25,-47.75,1
3758,-18.75,-47.75,1
3759,-18.25,-47.75,1
3760,-17.75,-47.75,1
3761,-17.25,-47.75,1
3762,-16.75,-47.75,1
3763,-16.25,-47.75,1
3764,-15.75,-47.75,1
3765,-15.25,-47.75,1
3766,-14.75,-47.75,1
3767,-14.25,-47.75,1
3768,-13.75,-47.75,1
3769,-13.25,-47.75,1
3770,-12.75,-47.75,1
3771,-12.25,-47.75,1
3772,-11.75,-47.75,1
3773,-11.25,-47.75,1
3774,-10.75,-47.75,1
3775,-10.25,-47.75,1
3776,-9.75,-47.75,1
3777,-9.25,-47.75,1
3778,-8.75,-47.75,1
3779,-8.25,-47.75,1
3780,-7.75,-47.75,1
3781,-7.25,-47.75,1
3782,-6.75,-47.75,1
3783,-6.25,-47.75,1
3784,-5.75,-47.75,1
3785,-5.25,-47.75,1
3786,-4.75,-47.75,4
3787,-4.25,-47.75,4
3788,-3.75,-47.75,4
3789,-3.25,-47.75,4
3790,-2.75,-47.75,4
3791,-2.25,-47.75,4
3792,-1.75,-47.75,4
3793,-1.25,-47.75,4
3794,-0.75,-47.75,4
3795,-0.25,-47.75,4
3809,-21.25,-47.25,1
3810,-20.75,-47.25,1
3811,-20.25,-47.25,1
3812,-19.75,-47.25,1
3813,-19.25,-47.25,1
3814,-18.75,-47.25,1
3815,-18.25,-47.25,1
3816,-17.75,-47.25,1
3817,-17.25,-47.25,1
3818,-16.75,-47.25,1
3819,-16.25,-47.25,1
3820,-15.75,-47.25,1
3821,-15.25,-47.25,1
3822,-14.75,-47.25,1
3823,-14.25,-47.25,1
3824,-13.75,-47.25,1
3825,-13.25,-47.25,1
3826,-12.75,-47.25,1
3827,-12.25,-47.25,1
3828,-11.75,-47.25,1
3829,-11.25,-47.25,1
3830,-10.75,-47.25,1
3831,-10.25,-47.25,1
3832,-9.75,-47.25,1
3833,-9.25,-47.25,1
3834,-8.75,-47.25,1
3835,-8.25,-47.25,1
3836,-7.75,-47.25,1
3837,-7.25,-47.25,1
3838,-6.75,-47.25,1
3839,-6.25,-47.25,1
3840,-5.75,-47.25,1
3841,-5.25,-47.25,1
3842,-4.75,-47.25,1
3843,-4.25,-47.25,1
3844,-3.75,-47.25,4
3845,-3.25,-47.25,4
3846,-2.75,-47.25,4
3847,-2.25,-47.25,4
3848,-1.75,-47.25,4
3849,-1.25,-47.25,4
3850,-0.75,-47.25,4
3865,-21.25,-46.75,1
3866,-20.75,-46.75,1
3867,-20.25,-46.75,1
3868,-19.75,-46.75,1
3869,-19.25,-46.75,1
3870,-18.75,-46.75,1
3871,-18.25,-46.75,1
3872,-17.75,-46.75,1
3873,-17.25,-46.75,1
3874,-16.75,-46.75,1
3875,-16.25,-46.75,1
3876,-15.75,-46.75,1
3877,-15.25,-46.75,1
3878,-14.75,-46.75,1
3879,-14.25,-46.75,1
3880,-13.75,-46.75,1
3881,-13.25,-46.75,1
3882,-12.75,-46.75,1
3883,-12.25,-46.75,1
3884,-11.75,-46.75,1
3885,-11.25,-46.75,1
3886,-10.75,-46.75,1
3887,-10.25,-46.75,1
3888,-9.75,-46.75,1
3889,-9.25,-46.75,1
3890,-8.75,-46.75,1
3891,-8.25,-46.75,1
3892,-7.75,-46.75,1
3893,-7.25,-46.75,1
3894,-6.75,-46.75,1
3895,-6.25,-46.75,1
3896,-5.75,-46.75,1
3897,-5.25,-46.75,1
3898,-4.75,-46.75,1
3899,-4.25,-46.75,1
3900,-3.75,-46.75,4
3901,-3.25,-46.75,4
3902,-2.75,-46.75,4
3903,-2.25,-46.75,4
3904,-1.75,-46.75,4
3905,-1.25,-46.75,4
3906,-0.75,-46.75,4
3921,-21.25,-46.25,1
3922,-20.75,-46.25,1
3923,-20.25,-46.25,1
3924,-19.75,-46.25,1
3925,-19.25,-46.25,1
3926,-18.75,-46.25,1
3927,-18.25,-46.25,1
3928,-17.75,-46.25,1
3929,-17.25,-46.25,1
3930,-16.75,-46.25,1
3931,-16.25,-46.25,1
3932,-15.75,-46.25,1
3933,-15.25,-46.25,1
3934,-14.75,-46.25,1
3935,-14.25,-46.25,1
3936,-13.75,-46.25,1
3937,-13.25,-46.25,1
3938,-12.75,-46.25,1
3939,-12.25,-46.25,1
3940,-11.75,-46.25,1
3941,-11.25,-46.25,1
3942,-10.75,-46.25,1
3943,-10.25,-46.25,1
3944,-9.75,-46.25,1
3945,-9.25,-46.25,1
3946,-8.75,-46.25,1
3947,-8.25,-46.25,1
3948,-7.75,-46.25,1
3949,-7.25,-46.25,1
3950,-6.75,-46.25,1
3951,-6.25,-46.25,1
3952,-5.75,-46.25,1
3953,-5.25,-46.25,3
3954,-4.75,-46.25,1
3955,-4.25,-46.25,4
3956,-3.75,-46.25,4
3957,-3.25,-46.25,4
3958,-2.75,-46.25,4
3959,-2.25,-46.25,4
3960,-1.75,-46.25,4
3961,-1.25,-46.25,4
3962,-0.75,-46.25,4
3977,-21.25,-45.75,1
3978,-20.75,-45.75,1
3979,-20.25,-45.75,1
3980,-19.75,-45.75,1
3981,-19.25,-45.75,1
3982,-18.75,-45.75,1
3983,-18.25,-45.75,1
3984,-17.75,-45.75,1
3985,-17.25,-45.75,1
3986,-16.75,-45.75,1
3987,-16.25,-45.75,1
3988,-15.75,-45.75,1
3989,-15.25,-45.75,1
3990,-14.75,-45.75,1
3991,-14.25,-45.75,1
3992,-13.75,-45.75,1
3993,-13.25,-45.75,1
3994,-12.75,-45.75,1
3995,-12.25,-45.75,1
3996,-11.75,-45.75,1
3997,-11.25,-45.75,3
3998,-10.75,-45.75,3
3999,-10.25,-45.75,1
4000,-9.75,-45.75,1
4001,-9.25,-45.75,1
4002,-8.75,-45.75,1
4003,-8.25,-45.75,1
4004,-7.75,-45.75,1
4005,-7.25,-45.75,1
4006,-6.75,-45.75,1
4007,-6.25,-45.75,1
4008,-5.75,-45.75,3
4009,-5.25,-45.75,1
4010,-4.75,-45.75,1
4011,-4.25,-45.75,4
4012,-3.75,-45.75,4
4013,-3.25,-45.75,4
4014,-2.75,-45.75,4
4015,-2.25,-45.75,4
4016,-1.75,-45.75,4
4017,-1.25,-45.75,4
